/*
SQLyog Ultimate v8.55 
MySQL - 5.5.16 : Database - nikolaos
*********************************************************************
*/

/*!40101 SET NAMES utf8 */;

/*!40101 SET SQL_MODE=''*/;

/*!40014 SET @OLD_UNIQUE_CHECKS=@@UNIQUE_CHECKS, UNIQUE_CHECKS=0 */;
/*!40014 SET @OLD_FOREIGN_KEY_CHECKS=@@FOREIGN_KEY_CHECKS, FOREIGN_KEY_CHECKS=0 */;
/*!40101 SET @OLD_SQL_MODE=@@SQL_MODE, SQL_MODE='NO_AUTO_VALUE_ON_ZERO' */;
/*!40111 SET @OLD_SQL_NOTES=@@SQL_NOTES, SQL_NOTES=0 */;
/*Table structure for table `actions` */

DROP TABLE IF EXISTS `actions`;

CREATE TABLE `actions` (
  `id` int(5) unsigned NOT NULL AUTO_INCREMENT,
  `title` varchar(255) NOT NULL,
  `date` date DEFAULT NULL,
  `notes` text,
  PRIMARY KEY (`id`)
) ENGINE=InnoDB AUTO_INCREMENT=4 DEFAULT CHARSET=utf8;

/*Data for the table `actions` */

insert  into `actions`(`id`,`title`,`date`,`notes`) values (2,'Миколай 2012','2012-12-18','Якийсь текст тут.'),(3,'Тестова акція','2012-10-10','');

/*Table structure for table `categories` */

DROP TABLE IF EXISTS `categories`;

CREATE TABLE `categories` (
  `id` int(3) unsigned NOT NULL AUTO_INCREMENT,
  `title` varchar(255) NOT NULL,
  PRIMARY KEY (`id`)
) ENGINE=MyISAM AUTO_INCREMENT=7 DEFAULT CHARSET=utf8;

/*Data for the table `categories` */

insert  into `categories`(`id`,`title`) values (1,'невідомо'),(2,'малозабезпечені'),(3,'сироти'),(4,'багатодітні');

/*Table structure for table `children` */

DROP TABLE IF EXISTS `children`;

CREATE TABLE `children` (
  `id` int(10) unsigned NOT NULL AUTO_INCREMENT,
  `first_name` varchar(255) DEFAULT NULL,
  `last_name` varchar(255) DEFAULT NULL,
  `third_name` varchar(255) DEFAULT NULL,
  `birthday` date DEFAULT NULL,
  `gender` enum('m','f') DEFAULT NULL,
  `street_id` int(5) DEFAULT NULL,
  `house` varchar(255) DEFAULT NULL,
  `flat` varchar(255) DEFAULT NULL,
  `private_house` tinyint(1) unsigned DEFAULT '0' COMMENT '1 - private house, 0 - flat',
  `phone` varchar(255) DEFAULT NULL,
  `category_id` int(3) unsigned DEFAULT NULL,
  `source_id` int(3) unsigned DEFAULT NULL,
  `notes` text,
  `edu_place` varchar(255) DEFAULT NULL,
  `is_deleted` tinyint(1) unsigned DEFAULT '0',
  `deletion_date` datetime DEFAULT NULL,
  `delete_reason_id` int(3) unsigned DEFAULT NULL,
  `category` varchar(255) DEFAULT NULL,
  `street` varchar(255) DEFAULT NULL,
  PRIMARY KEY (`id`)
) ENGINE=MyISAM AUTO_INCREMENT=608 DEFAULT CHARSET=utf8;

/*Data for the table `children` */

insert  into `children`(`id`,`first_name`,`last_name`,`third_name`,`birthday`,`gender`,`street_id`,`house`,`flat`,`private_house`,`phone`,`category_id`,`source_id`,`notes`,`edu_place`,`is_deleted`,`deletion_date`,`delete_reason_id`,`category`,`street`) values (1,'Лях','Дар\'я','Олександрівна','2001-02-28','f',130,'6','92',0,'м.т. 0976115450',1,1,'','Тернопільська загальноосвітня школа  І-ІІІ ступенів №28',0,NULL,NULL,'Діти, які залишилися без піклування батьків',NULL),(2,'Мартинюк','Галина','Анатоліївна','2000-12-15','f',231,'3','84',0,'т. 28-10-68',1,1,'','Тернопільська загальноосвітня школа  І-ІІІ ступенів №28',0,NULL,NULL,'Діти, які залишилися без піклування батьків, Багатодітна сім’я',NULL),(3,'Мартинюк','Анатолій','Анатолійович','0200-01-16','m',231,'3','84',0,'т. 28-10-68',1,1,'','Тернопільська загальноосвітня школа  І-ІІІ ступенів №28',0,NULL,NULL,'Діти, які залишилися без піклування батьків, Багатодітна сім’я',NULL),(4,'Бенедига','Артур','Олегович','1998-08-25','m',231,'1','167',0,'',1,1,'','Тернопільська загальноосвітня школа  І-ІІІ ступенів №28',0,NULL,NULL,'Діти, які залишилися без піклування батьків',NULL),(5,'Шаган','Юлія','Михайлівна','1999-06-02','f',45,'10','2',0,'',1,1,'','Тернопільська загальноосвітня школа  І-ІІІ ступенів №28',0,NULL,NULL,'Дитина напівсирота, Батько інвалід',NULL),(6,'Підгірняк','Наталія','Володимирівна','2003-12-12','f',164,'5','144',0,'т. 26-00-04',1,1,'','Тернопільська загальноосвітня школа  І-ІІІ ступенів №28',0,NULL,NULL,'Багатодітна сім’я, Дитина напівсирота, Потребує матеріальної допомоги',NULL),(7,'Підгірняк','Оксана','Володимирівна','1999-04-06','f',164,'5','144',0,'т. 26-00-04',1,1,'','Тернопільська загальноосвітня школа  І-ІІІ ступенів №28',0,NULL,NULL,'Багатодітна сім’я, Дитина напівсирота, Потребує матеріальної допомоги',NULL),(8,'Підгірняк','Степан','Володимирович','1996-06-20','m',164,'5','144',0,'т. 26-00-04',1,1,'','Тернопільська загальноосвітня школа  І-ІІІ ступенів №28',0,NULL,NULL,'Багатодітна сім’я, Дитина напівсирота, Потребує матеріальної допомоги',NULL),(9,'Растворов','Любомир','Олександрович','2003-12-04','m',242,'30','',1,'м.т. 0984679544',1,1,'','Тернопільська загальноосвітня школа  І-ІІІ ступенів №28',0,NULL,NULL,'Багатодітна сім’я (14 дітей), Малозабезпечена сім’я',NULL),(10,'Растворов','Василь','Олександрович','2002-04-22','m',242,'30','',1,'м.т. 0984679544',1,1,'','Тернопільська загальноосвітня школа  І-ІІІ ступенів №28',0,NULL,NULL,'Багатодітна сім’я (14 дітей), Малозабезпечена сім’я',NULL),(11,'Растворов','Микола','Олександрович','2001-02-21','m',242,'30','',1,'м.т. 0984679544',1,1,'','Тернопільська загальноосвітня школа  І-ІІІ ступенів №28',0,NULL,NULL,'Багатодітна сім’я (14 дітей), Малозабезпечена сім’я',NULL),(12,'Кульпа','Віталій','Євгенович','2000-05-21','m',130,'11','900',0,'т. 28-08-51',1,1,'','Тернопільська загальноосвітня школа  І-ІІІ ступенів №28',0,NULL,NULL,'Багатодітна сім’я, Потребує матеріальної допомоги',NULL),(13,'Заслуцький','Андрій','Володимирович','1999-03-21','m',164,'7','35',0,'',1,1,'','Тернопільська загальноосвітня школа  І-ІІІ ступенів №28',0,NULL,NULL,'Дитина з функціонально неспроможної сім’ї',NULL),(14,'Горайський','Андрій','Дмитрович','2003-12-11','m',45,'10','236',0,'т. 43-76-74',1,1,'','Тернопільська загальноосвітня школа  І-ІІІ ступенів №28',0,NULL,NULL,'Багатодітна сім’я, Малозабезпечена сім’я',NULL),(15,'Скоробагатий','Святослав','Степанович','1997-01-01','m',164,'1','27',0,'т. 28-29-52',1,1,'','Тернопільська загальноосвітня школа  І-ІІІ ступенів №28',0,NULL,NULL,'Багатодітна сім’я, Малозабезпечена сім’я',NULL),(16,'Скоробагата','Соломія','Степанівна','1998-06-12','f',164,'1','27',0,'т. 28-29-52',1,1,'','Тернопільська загальноосвітня школа  І-ІІІ ступенів №28',0,NULL,NULL,'Багатодітна сім’я, Малозабезпечена сім’я',NULL),(17,'Кульпа','Юрій','Євгенович','1999-01-19','m',130,'11','900',0,'т. 28-08-51',1,1,'','Тернопільська загальноосвітня школа  І-ІІІ ступенів №28',0,NULL,NULL,'Багатодітна сім’я, Потребує матеріальної допомоги',NULL),(18,'Нетофор','Павло','Ігорович','2003-07-13','m',130,'11','414',0,'',1,1,'','Тернопільська загальноосвітня школа  І-ІІІ ступенів №28',0,NULL,NULL,'Дитина-інвалід',NULL),(19,'Пухир','Наталія','Михайлівна','2000-05-11','f',130,'2','245',0,'',1,1,'','Тернопільська загальноосвітня школа  І-ІІІ ступенів №28',0,NULL,NULL,'Дитина-інвалід',NULL),(20,'Козоріз','Наталія','Володимирівна','1999-06-01','f',45,'10','109',0,'',1,1,'','Тернопільська загальноосвітня школа  І-ІІІ ступенів №28',0,NULL,NULL,'Дитина напівсирота, Потребує матеріальної допомоги',NULL),(21,'Балик','Єлизавета','','2011-01-01','f',8,'53','11',0,'',1,1,'Дата народження не вказана. \n','Тернопільська ЗОШ №10',0,NULL,NULL,'',NULL),(22,'Балик','Павло','','2011-01-01','m',8,'53','11',0,'',1,1,'Дата народження не вказана. \n','Тернопільська ЗОШ №10',0,NULL,NULL,'',NULL),(23,'Балик','Антон','','2011-01-01','m',8,'53','11',0,'',1,1,'Дата народження не вказана. \n','Тернопільська ЗОШ №10',0,NULL,NULL,'',NULL),(24,'Коробій','Владислав','','2011-01-01','m',76,'8','79',0,'',1,1,'Дата народження не вказана. \n','Тернопільська ЗОШ №10',0,NULL,NULL,'',NULL),(25,'Шевелюк','Ангеліна','','2011-01-01','f',264,'7','60',0,'',1,1,'Дата народження не вказана. \n','Тернопільська ЗОШ №10',0,NULL,NULL,'',NULL),(26,'Волошин','Петро','','2011-01-01','m',8,'80','84',0,'',1,1,'Дата народження не вказана. \n','Тернопільська ЗОШ №10',0,NULL,NULL,'',NULL),(27,'Адамський','Назар','','2011-01-01','m',162,'40','51',0,'',1,1,'Дата народження не вказана. \n','Тернопільська ЗОШ №10',0,NULL,NULL,'',NULL),(28,'Палчук','Таміла','','2011-01-01','f',8,'86','66',0,'',1,1,'Дата народження не вказана. \n','Тернопільська ЗОШ №10',0,NULL,NULL,'',NULL),(29,'Шульган','Володимир','','2011-01-01','m',162,'40','49',0,'',1,1,'Дата народження не вказана. \n','Тернопільська ЗОШ №10',0,NULL,NULL,'',NULL),(30,'Чеканов','Богдан','','2011-01-01','m',162,'40','76',0,'',1,1,'Дата народження не вказана. \n','Тернопільська ЗОШ №10',0,NULL,NULL,'',NULL),(31,'Шумило','Юлія','','2011-01-01','f',264,'17','1',0,'',1,1,'Дата народження не вказана. \n','Тернопільська ЗОШ №10',0,NULL,NULL,'',NULL),(32,'Грущанська','Каріна','','2011-01-01','f',264,'9','50',0,'',1,1,'Дата народження не вказана. \n','Тернопільська ЗОШ №10',0,NULL,NULL,'',NULL),(33,'Грущанський','Денис','','2011-01-01','m',264,'9','50',0,'',1,1,'Дата народження не вказана. \n','Тернопільська ЗОШ №10',0,NULL,NULL,'',NULL),(34,'Хорощак','Юрій','','2011-01-01','m',83,'16','60',0,'',1,1,'Дата народження не вказана. \n','Тернопільська ЗОШ №10',0,NULL,NULL,'',NULL),(35,'Василевська','Анастасія','','2011-01-01','f',264,'3','21',0,'',1,1,'Дата народження не вказана. \n','Тернопільська ЗОШ №10',0,NULL,NULL,'',NULL),(36,'Рибник','Олександра','','2011-01-01','f',56,'49','',1,'',1,1,'Дата народження не вказана. \n','Тернопільська ЗОШ №10',0,NULL,NULL,'',NULL),(37,'Палчук','Віталій','','2011-01-01','m',8,'86','66',0,'',1,1,'Дата народження не вказана. \n','Тернопільська ЗОШ №10',0,NULL,NULL,'',NULL),(38,'Малюга','Андрій','','2011-01-01','m',8,'74','510',0,'',1,1,'Дата народження не вказана. \n','Тернопільська ЗОШ №10',0,NULL,NULL,'',NULL),(39,'Білик','Надія','','2011-01-01','f',232,'11','61',0,'',1,1,'Дата народження не вказана. \n','Тернопільська ЗОШ №10',0,NULL,NULL,'',NULL),(40,'Козак','Тетяна','','2011-01-01','f',139,'3','42',0,'',1,1,'Дата народження не вказана. \n','Тернопільська ЗОШ №10',0,NULL,NULL,'',NULL),(41,'Федотов','Андрій','','2011-01-01','m',8,'81а','',1,'',1,1,'Дата народження не вказана. \nсиротинець','Тернопільська ЗОШ №10',0,NULL,NULL,'',NULL),(42,'Васильок','Аліна','','2011-01-01','f',555,'6','1',0,'',1,1,'Дата народження не вказана. \n','Тернопільська ЗОШ №10',0,NULL,NULL,'','вул. Черняховського'),(43,'Бронашко','Назар','','2011-01-01','m',555,'25','18',0,'',1,1,'Дата народження не вказана. \n','Тернопільська ЗОШ №10',0,NULL,NULL,'','вул. Малишка'),(44,'Козла','Діана','','2011-01-01','f',232,'7','70',0,'',1,1,'Дата народження не вказана. \n','Тернопільська ЗОШ №10',0,NULL,NULL,'',NULL),(45,'Ростецький','Роман','','2011-01-01','m',76,'16','44',0,'',1,1,'Дата народження не вказана. \n','Тернопільська ЗОШ №10',0,NULL,NULL,'',NULL),(46,'Олійниченко','Володимир','','2011-01-01','m',76,'6','21',0,'',1,1,'Дата народження не вказана. \n','Тернопільська ЗОШ №10',0,NULL,NULL,'',NULL),(47,'Теплухін','Павло','','2011-01-01','m',232,'9','86',0,'',1,1,'Дата народження не вказана. \n','Тернопільська ЗОШ №10',0,NULL,NULL,'',NULL),(48,'Стефанишин','Христина','','2011-01-01','m',264,'3','41',0,'',1,1,'Дата народження не вказана. \n','Тернопільська ЗОШ №10',0,NULL,NULL,'',NULL),(49,'Шевченко','Дмитро','','2011-01-01','m',232,'3','53',0,'',1,1,'Дата народження не вказана. \n','Тернопільська ЗОШ №10',0,NULL,NULL,'',NULL),(50,'Дужа','Кароліна','','2011-01-01','f',264,'9','13',0,'',1,1,'Дата народження не вказана. \n','Тернопільська ЗОШ №10',0,NULL,NULL,'',NULL),(51,'Зубарєв','Сергій','','2011-01-01','m',23,'54','728',0,'',1,1,'Дата народження не вказана. \n','Тернопільська ЗОШ №10',0,NULL,NULL,'',NULL),(52,'Пасічник','Євген','','2011-01-01','m',555,'29','3',0,'',1,1,'Дата народження не вказана. \n4 в сім*ї','Тернопільська ЗОШ №10',0,NULL,NULL,'','вул. Малишка'),(53,'Романишин','Дмитро','','2011-01-01','m',76,'8','24',0,'',1,1,'Дата народження не вказана. \n','Тернопільська ЗОШ №10',0,NULL,NULL,'',NULL),(54,'Майброда','Єлизавета','Василівна','1996-01-01','f',215,'5','96',0,'',1,1,'Дата народження не вказана. \n','ТЗОШ № 11',0,NULL,NULL,'',NULL),(55,'Макар','Іван','Михайлович','1997-01-01','m',104,'15','40',0,'',1,1,'Дата народження не вказана. \n','ТЗОШ № 11',0,NULL,NULL,'',NULL),(56,'Стефінів','Юлія','Миколаївна','1999-01-01','f',114,'6','815',0,'',1,1,'Дата народження не вказана. \n','ТЗОШ № 11',0,NULL,NULL,'',NULL),(57,'Березовський','Сергій','','2002-01-01','m',275,'13','54',0,'',1,1,'Дата народження не вказана. \n','ТЗОШ № 11',0,NULL,NULL,'',NULL),(58,'Даниленко','Валерія','','2001-01-01','f',104,'9','69',0,'',1,1,'Дата народження не вказана. \n','ТЗОШ № 11',0,NULL,NULL,'',NULL),(59,'Павлишин','Марія','Петрівна','1997-01-01','f',215,'1','63',0,'',1,1,'Дата народження не вказана. \n','ТЗОШ № 11',0,NULL,NULL,'',NULL),(60,'Хомик','Максим','','2001-01-01','m',104,'29','44',0,'',1,1,'Дата народження не вказана. \n','ТЗОШ № 11',0,NULL,NULL,'',NULL),(61,'Березовський','Олександр','','2002-01-01','m',275,'13','54',0,'',1,1,'Дата народження не вказана. \n','ТЗОШ № 11',0,NULL,NULL,'',NULL),(62,'Бойко','Микола','','1999-01-01','m',104,'17','37',0,'',1,1,'Дата народження не вказана. \n','ТЗОШ № 11',0,NULL,NULL,'',NULL),(63,'Константінова','Катерина','','1998-01-01','f',275,'5','33',0,'',1,1,'Дата народження не вказана. \n','ТЗОШ № 11',0,NULL,NULL,'',NULL),(64,'Майброда','Вікторія','','1999-01-01','f',114,'6','15',0,'',1,1,'Дата народження не вказана. \n','ТЗОШ № 11',0,NULL,NULL,'',NULL),(65,'Лапщун','Катерина','','2005-01-01','f',251,'3','30',0,'',1,1,'Дата народження не вказана. \n','ТЗОШ № 11',0,NULL,NULL,'',NULL),(66,'Солтис','Ольга','','2005-01-01','f',251,'5','120',0,'',1,1,'Дата народження не вказана. \n','ТЗОШ № 11',0,NULL,NULL,'',NULL),(67,'Бігурай','Тетяна','Іванівна','1995-08-10','f',147,'5','153',0,'т.54-17-73',1,1,'','ТЗОШ № 9',0,NULL,NULL,'Багатодітна сім\'я',NULL),(68,'Павлова','Любов','Валеріївна','2004-03-23','f',147,'5','153',0,'т.54-17-73',1,1,'','ТЗОШ № 9',0,NULL,NULL,'Багатодітна сім\'я',NULL),(69,'Павлова','Віра','Валеріївна','2004-03-23','f',147,'5','153',0,'т.54-17-73',1,1,'','ТЗОШ № 9',0,NULL,NULL,'Багатодітна сім\'я',NULL),(70,'Корчинський','Олександр','Богданович','2001-03-26','m',142,'4','40',0,'т. 53-78-07',1,1,'','ТЗОШ № 9',0,NULL,NULL,'Багатодітна сім\'я',NULL),(71,'Корчинська','Лілія','Богданівна','2002-12-27','f',142,'4','40',0,'т. 53-78-07',1,1,'','ТЗОШ № 9',0,NULL,NULL,'Багатодітна сім\'я',NULL),(72,'Корчинський','Вадим','Богданович','2004-08-09','m',142,'4','40',0,'т. 53-78-07',1,1,'','ТЗОШ № 9',0,NULL,NULL,'Багатодітна сім\'я',NULL),(73,'Судин','Вікторія','Михайлівна','1998-07-28','f',12,'49','13',0,'Т: 53-76-71',1,1,'','ТЗОШ № 9',0,NULL,NULL,'Багатодітна сім\'я, Дитина напівсирота',NULL),(74,'Завітій','Анастасія','Михайлівна','2000-07-27','f',147,'5','93',0,'т.54-18-22',1,1,'','ТЗОШ № 9',0,NULL,NULL,'Дитина позбавлена батьківського піклування',NULL),(75,'Завітій','Петро','Михайлович','1998-07-10','m',147,'5','93',0,'т.54-18-22',1,1,'','ТЗОШ № 9',0,NULL,NULL,'Дитина позбавлена батьківського піклування',NULL),(76,'Завітій','Софія','Михайлівна','1997-03-15','f',147,'5','93',0,'т.54-18-22',1,1,'','ТЗОШ № 9',0,NULL,NULL,'Дитина позбавлена батьківського піклування',NULL),(77,'Наворинська','Іванна','Степанівна','1997-01-19','f',147,'6','83',0,'54-14-37',1,1,'','ТЗОШ № 9',0,NULL,NULL,'Багатодітна сім\'я',NULL),(78,'Наворинська','Валентина','Степанівна','2005-02-09','f',147,'6','83',0,'54-14-37',1,1,'','ТЗОШ № 9',0,NULL,NULL,'Багатодітна сім\'я',NULL),(79,'Байда','Валерія','Михайлівна','2000-08-08','f',12,'5','14',0,'т.53-14-91, 0983351173',1,1,'','ТЗОШ № 9',0,NULL,NULL,'Дитина позбавлена батьківського піклування',NULL),(80,'Вівчар','Валерія','Анатоліївна','2005-03-07','f',197,'10','194',0,'тел. 23-12-18',1,1,'','ТЗОШ № 19',0,NULL,NULL,'Дитина-чорнобилець',NULL),(81,'Ясинчук','Юлія','Василівна','2002-04-22','f',16,'17','53',0,'тел. 28-53-84',1,1,'','ТЗОШ № 19',0,NULL,NULL,'Дитина-напівсирота',NULL),(82,'Тесля','Павло','Володимирович','2003-07-08','m',1,'8','5',0,'тел. 28-74-74',1,1,'','ТЗОШ № 19',0,NULL,NULL,'Багатодітна сім\'я',NULL),(83,'Хома','Софія','Андріївна','2003-07-18','f',104,'15а','10',0,'тел. 51-08-15',1,1,'','ТЗОШ № 19',0,NULL,NULL,'Багатодітна сім\'я',NULL),(84,'Матвійків','Станіслав','Петрович','2002-10-02','m',114,'8','56',0,'',1,1,'','ТЗОШ № 19',0,NULL,NULL,'Багатодітна сім\'я',NULL),(85,'Мацюк','Софія','Олександрівна','2005-08-06','f',215,'5','227',0,'тел. 26-92-21',1,1,'','ТЗОШ № 19',0,NULL,NULL,'Багатодітна сім\'я',NULL),(86,'Ярмошук','Анна','Романівна','2004-08-12','f',295,'37','77',0,'',1,1,'','ТЗОШ № 19',0,NULL,NULL,'Дитина з неповної сім\'ї',NULL),(87,'Мозіль','Руслан','Сергійович','2005-01-27','m',183,'62','31',0,'тел. 43-51-91',1,1,'','ТЗОШ № 19',0,NULL,NULL,'Дитина з неповної сім\'ї',NULL),(88,'Гуменюк','Максим','Артурович','2005-06-01','m',114,'11б','46',0,'тел. 26-05-96',1,1,'','ТЗОШ № 19',0,NULL,NULL,'Дитина з неповної сім\'ї',NULL),(89,'Торопов','Тимур','Вікторович','2005-04-08','m',1,'10','7',0,'тел. 26-88-04',1,1,'','ТЗОШ № 19',0,NULL,NULL,'Дитина з неповної сім\'ї',NULL),(90,'Бородай','Назарій','Андрійович','2001-02-13','m',1,'5','45',0,'',1,1,'','ТЗОШ № 19',0,NULL,NULL,'Дитина з неповної сім\'ї',NULL),(91,'Блонарович','Вадим','Васильович','2000-09-26','m',104,'53','44',0,'тел. 28-83-57',1,1,'','ТЗОШ № 19',0,NULL,NULL,'Дитина напівсирота',NULL),(92,'Нетребська','Аліна','Мирославівна','2000-12-08','f',114,'6','91',0,'',1,1,'','ТЗОШ № 19',0,NULL,NULL,'Дитина напівсирота',NULL),(93,'Явнич','Назарій','Євгенович','2001-03-03','m',135,'9','17',0,'тел. 28-13-57',1,1,'','ТЗОШ № 19',0,NULL,NULL,'Дитина напівсирота',NULL),(94,'Гуменюк','Павло','Вікторович','2001-07-13','m',104,'43','151',0,'тел. 26-73-51',1,1,'','ТЗОШ № 19',0,NULL,NULL,'Дитина з неповної сім\'ї',NULL),(95,'Яхненко','Анастасія','Володимирівна','2003-08-06','f',114,'4','100',0,'',1,1,'','ТЗОШ № 19',0,NULL,NULL,'Дитина з сім’ї, яка потребує матеріальної допомоги',NULL),(96,'Середа','Єлизавета','Русланівна','2002-12-23','f',114,'7','44',0,'',1,1,'','ТЗОШ № 19',0,NULL,NULL,'Дитина з сім’ї, яка потребує матеріальної допомоги',NULL),(97,'Новікова','Валерія','Василівна','2003-03-04','f',555,'2','195',0,'',1,1,'','ТЗОШ № 19',0,NULL,NULL,'Дитина інвалід','вул. А. Корольва'),(98,'Волошин','Тетяна','Дмитрівна','2001-01-25','f',114,'10','41',0,'',1,1,'','ТЗОШ № 19',0,NULL,NULL,'Дитина з малозабезпеченої сім\'ї',NULL),(99,'Перчишин','Анастасія','Романівна','2004-05-07','f',114,'11а','13',0,'тел. 43-72-09',1,1,'','ТЗОШ № 19',0,NULL,NULL,'Дитина з сім\'ї інвалідів',NULL),(100,'Ваврик','Михайло','Володимирович','2004-10-31','m',275,'3','59',0,'тел.28-94-90',1,1,'','ТЗОШ № 19',0,NULL,NULL,'Дитина з сім’ї, яка потребує матеріальної допомоги',NULL),(101,'Боїло','Олена','Ігорівна','2004-06-12','f',45,'1','13',0,'',1,1,'','',0,NULL,NULL,'',NULL),(102,'Грицьків','Віталій','Русланович','2004-05-04','m',130,'4','106',0,'',1,1,'','',0,NULL,NULL,'',NULL),(103,'Костюк','Олександр','Михайлович','2004-06-15','m',41,'3','74',0,'',1,1,'','',0,NULL,NULL,'',NULL),(104,'Яковчук','Віталій','Васильович','2004-03-11','m',45,'7','108',0,'',1,1,'','',0,NULL,NULL,'',NULL),(105,'Золотник','Роман','Романович','2004-11-24','m',45,'7','91',0,'',1,1,'','',0,NULL,NULL,'',NULL),(106,'Паньків','Валентин','Вікторович','2004-09-29','m',41,'2','45',0,'28-23-74',1,1,'','',0,NULL,NULL,'',NULL),(107,'Рій','Анна','Сергіївна','2005-07-22','f',130,'6','57',0,'54-64-74',1,1,'','',0,NULL,NULL,'',NULL),(108,'Конько','Дар\'я','Василівна','2005-10-03','f',45,'11','6',0,'',1,1,'','',0,NULL,NULL,'',NULL),(109,'Кость','Марія','Ігорівна','2005-09-01','f',231,'5','230',0,'',1,1,'','',0,NULL,NULL,'',NULL),(110,'Кренціль','Роман','Степанович','2005-09-26','m',130,'4','23',0,'',1,1,'','',0,NULL,NULL,'',NULL),(111,'Вороняк','Богдан','Петрович','2005-03-15','m',41,'2','91',0,'',1,1,'','',0,NULL,NULL,'',NULL),(112,'Фільварська','Христина','Володимирівна','2005-03-09','f',161,'35','',1,'25-32-07',1,1,'','',0,NULL,NULL,'',NULL),(113,'Пойшла','Катерина','Василівна','2005-02-17','f',231,'8','45',0,'28-27-24',1,1,'','',0,NULL,NULL,'',NULL),(114,'Полікровська','Софія','Русланівна','2005-03-25','f',248,'31','',1,'54-57-51',1,1,'','',0,NULL,NULL,'',NULL),(115,'Романець','Мар\'яна','Зіновївна','2001-03-02','f',164,'1','141',0,'',1,1,'','',0,NULL,NULL,'',NULL),(116,'Ковальський','Віталій','Миколайович','1999-07-15','m',164,'5','16',0,'51-26-16',1,1,'','',0,NULL,NULL,'',NULL),(117,'Кошняк','Владислав','Михайлович','2003-01-22','m',235,'5','9',0,'978970750',1,1,'','',0,NULL,NULL,'',NULL),(118,'Шельвах','Андрій','Андрійович','2003-02-09','m',45,'7','116',0,'54-55-26',1,1,'','',0,NULL,NULL,'',NULL),(119,'Марків','Олександра','Романівна','2003-07-28','f',45,'4','103',0,'671730889',1,1,'','',0,NULL,NULL,'',NULL),(120,'Кошняк','Богдан','Михайлович','2004-06-15','m',235,'5','9',0,'',1,1,'','',0,NULL,NULL,'',NULL),(121,'Гринтус','Катерина','Михайлівна','2005-04-01','f',231,'6','88',0,'',1,1,'','',0,NULL,NULL,'',NULL),(122,'Борисюк','Владислав','Євгенович','2005-06-24','m',45,'8','36',0,'54-52-59',1,1,'','',0,NULL,NULL,'',NULL),(123,'Закорчемна','Валентина','Ігорівна','2004-07-23','f',41,'3','81',0,'54-51-35',1,1,'','',0,NULL,NULL,'',NULL),(124,'Кобилецька','Вероніка','Ігорівна','2005-05-05','f',555,'','',1,'',1,1,'','',0,NULL,NULL,'','Гаї Шевченківські , вул. 14'),(125,'Лисобей','Олеся','Русланівна','2004-10-09','f',41,'4','17',0,'43-5-93',1,1,'','',0,NULL,NULL,'',NULL),(126,'Сагайдак','Артур','Олегович','2004-01-06','m',45,'7','215',0,'28-61-09',1,1,'','',0,NULL,NULL,'',NULL),(127,'Савіцький','Олександр','Анатолійович','2002-09-02','m',130,'4','89',0,'28-48-46',1,1,'','',0,NULL,NULL,'',NULL),(128,'Слойка','Любомир','Ігорович','2001-09-16','m',231,'5','156',0,'28-82-48',1,1,'','',0,NULL,NULL,'',NULL),(129,'Юник','Тетяна','Тарасівна','2002-09-02','f',52,'39','34',0,'28-19-65',1,1,'','',0,NULL,NULL,'',NULL),(130,'Бойко','Анастасія','Юліанівна','2000-06-05','f',1,'9','84',0,'',1,1,'','',0,NULL,NULL,'',NULL),(131,'Павлів','Микола','Юрійович','1999-11-25','m',45,'4','122',0,'',1,1,'','',0,NULL,NULL,'',NULL),(132,'Цісик','Богуслава','Петрівна','2000-06-14','f',45,'7','101',0,'28-80-01',1,1,'','',0,NULL,NULL,'',NULL),(133,'Микулик','Денис','Петрович','2000-07-28','m',231,'2','103',0,'',1,1,'','',0,NULL,NULL,'',NULL),(134,'Пшеничний','Михайло','Володимирович','1999-07-06','m',136,'2','',1,'',1,1,'','',0,NULL,NULL,'',NULL),(135,'Чумак','Ростислав','Русланович','1999-04-06','m',130,'4','61',0,'',1,1,'','',0,NULL,NULL,'',NULL),(136,'Зощук','Тарас','Богданович','1999-03-07','m',231,'1','8',0,'',1,1,'','',0,NULL,NULL,'',NULL),(137,'Золотник','Андрій','Романович','2003-07-17','m',45,'7','91',0,'965185614',1,1,'','',0,NULL,NULL,'',NULL),(138,'Іванюк','Олександра','Олександрівна','2003-04-19','f',41,'7','80',0,'976376160',1,1,'','',0,NULL,NULL,'',NULL),(139,'Кочило','Ілля','Дмитрович','2003-05-06','m',152,'12а','',1,'54-1-92',1,1,'','',0,NULL,NULL,'',NULL),(140,'Новак','Олена','Сергіївна','2002-09-05','f',231,'3','105',0,'',1,1,'','',0,NULL,NULL,'',NULL),(141,'Хоміцька','Власта','Андріївна','2003-09-17','f',135,'16','22',0,'28-72-82',1,1,'','',0,NULL,NULL,'',NULL),(142,'Коцюба','Дмитро','Сергійович','2003-05-09','m',45,'7','260',0,'',1,1,'','',0,NULL,NULL,'',NULL),(143,'Забитівська','Жанна','Василівна','2003-07-18','f',45,'7','242',0,'28-49-53',1,1,'','',0,NULL,NULL,'',NULL),(144,'Ольховий','Ілля','Мирославович','2003-05-30','m',215,'5','150',0,'28-72-85',1,1,'','',0,NULL,NULL,'',NULL),(145,'Дмитришин','Неля','Миронівна','2003-01-19','f',45,'10','31',0,'26-61-03',1,1,'','',0,NULL,NULL,'',NULL),(146,'Косачек','Максим','Денисович','2004-12-26','m',45,'12','24',0,'679407833',1,1,'','',0,NULL,NULL,'',NULL),(147,'Ющишин','Аліна','Іванівна','2003-11-11','f',251,'26','96',0,'23-16-25',1,1,'','',0,NULL,NULL,'',NULL),(148,'Катола','Олексій','Петрович','2004-08-31','m',130,'5','33',0,'43-74-70',1,1,'','',0,NULL,NULL,'',NULL),(149,'Белюк','Олег','Андрійович','2004-07-08','m',251,'23','34',0,'23-22-52',1,1,'','',0,NULL,NULL,'',NULL),(150,'Белюк','Денис','Андрійович','2002-01-20','m',251,'23','34',0,'23-22-52',1,1,'','',0,NULL,NULL,'',NULL),(151,'Гнатів','Юрій','Юрійович','2002-08-20','m',114,'6','154',0,'43-71-1',1,1,'','',0,NULL,NULL,'',NULL),(152,'Зварич','Вікторія','Андріївна','2001-10-01','f',45,'6','50',0,'51-18-07',1,1,'','',0,NULL,NULL,'',NULL),(153,'Каземірик','Анастасія','Андріївна','2001-12-03','f',41,'9','40',0,'',1,1,'','',0,NULL,NULL,'',NULL),(154,'Недошитко','Олег','Михайлович','2002-08-18','m',130,'6','113',0,'28-27-44',1,1,'','',0,NULL,NULL,'',NULL),(155,'Бойко','Ейнат','Андріївна','2002-04-12','f',45,'','23',0,'26-17-22',1,1,'','',0,NULL,NULL,'',NULL),(156,'Речицька','Евеліна','Юріївна','2002-06-15','f',130,'4','255',0,'54-65-55',1,1,'','',0,NULL,NULL,'',NULL),(157,'Чапельська','Тетяна','Русланівна','2001-11-01','f',114,'6','209',0,'51-10-17',1,1,'','',0,NULL,NULL,'',NULL),(158,'Бабовал','Максим','Олександрович','2005-03-25','m',231,'4','111',0,'28-49-49',1,1,'','',0,NULL,NULL,'',NULL),(159,'Волощук','Ігор','Віталійович','2005-02-07','m',41,'4','27',0,'28-53-43',1,1,'','',0,NULL,NULL,'',NULL),(160,'Гулкевич','Олександр','Миколайович','2004-11-29','m',130,'7','27',0,'51-21-20',1,1,'','',0,NULL,NULL,'',NULL),(161,'Захарін','Ян','Іванович','2005-07-04','m',114,'9','140',0,'43-74-99',1,1,'','',0,NULL,NULL,'',NULL),(162,'Мельник','Діана','Русланівна','2005-06-14','f',104,'15','34',0,'',1,1,'','',0,NULL,NULL,'',NULL),(163,'Федорків','Ярослав','Борисович','2004-12-01','m',45,'8','16',0,'',1,1,'','',0,NULL,NULL,'',NULL),(164,'Ратушна','Катерина','Ігорівна','2005-02-06','f',45,'3','148',0,'54-56-95',1,1,'','',0,NULL,NULL,'',NULL),(165,'Душенька','Зоряна','Миколаївна','2000-08-18','f',183,'53','11',0,'253229',1,1,'','спецшкола',0,NULL,NULL,'',NULL),(166,'Душенька','Оксана','Миколаївна','1998-07-23','f',183,'53','11',0,'253229',1,1,'','спецшкола',0,NULL,NULL,'',NULL),(167,'Долганова','Вікторія','Сергіївна','2004-09-16','f',183,'28','2',0,'234274',1,1,'','24шк.',0,NULL,NULL,'',NULL),(168,'Орисик','Юлія','','2000-01-01','f',208,'25','1',0,'',1,1,'Дата народження не вказана. \n','',0,NULL,NULL,'',NULL),(169,'Целик','Вікторія','','2001-01-01','f',154,'101','7',0,'',1,1,'Дата народження не вказана. \n','',0,NULL,NULL,'',NULL),(170,'Воробйова','Анастасія','Павлівна','2003-04-24','f',213,'4','133',0,'241911',1,1,'','',0,NULL,NULL,'',NULL),(171,'Воробйова','Вікторія','Павлівна','2009-03-18','f',213,'4','133',0,'',1,1,'','',0,NULL,NULL,'',NULL),(172,'Кулик','Степан','','2007-01-19','f',23,'6А','',1,'527830',1,1,'','',0,NULL,NULL,'',NULL),(173,'Гефко','Діана','Євстахівна','2004-03-17','f',8,'88','404',0,'989092641',1,1,'','',0,NULL,NULL,'',NULL),(174,'Базар','Тамара','Сергіївна','2003-02-26','f',86,'13','8',0,'539638',1,1,'','34 шк.-сад.',0,NULL,NULL,'',NULL),(175,'Красовська','Діана','','2006-10-06','f',8,'98','17',0,'244795',1,1,'','',0,NULL,NULL,'',NULL),(176,'Красовський','Владислав','','2009-05-11','f',8,'98','17',0,'244795',1,1,'','',0,NULL,NULL,'',NULL),(177,'Врубель','Юлія','','2011-01-01','f',54,'11','39',0,'241770',1,1,'Дата народження не вказана. \n','',0,NULL,NULL,'',NULL),(178,'Врубель','Павло','','2011-01-01','f',54,'11','39',0,'241770',1,1,'Дата народження не вказана. \n','',0,NULL,NULL,'',NULL),(179,'Свитак','Вікторія','','2000-11-21','f',182,'2','20',0,'533107',1,1,'','12шк.',0,NULL,NULL,'',NULL),(180,'Свитак','Назар','','1999-09-06','f',182,'2','20',0,'533107',1,1,'','7шк.',0,NULL,NULL,'',NULL),(181,'Смоляк','Михайло','','1997-02-19','f',120,'14','48',0,'267680',1,1,'','23шк.',0,NULL,NULL,'',NULL),(182,'Бучинський','Олександр','Вікторович','2000-04-03','f',13,'11','3',0,'524106',1,1,'','2шк.',0,NULL,NULL,'',NULL),(183,'Бучинський','Олег','Вікторович','1997-08-27','f',13,'11','3',0,'524106',1,1,'','2шк.',0,NULL,NULL,'',NULL),(184,'Тлумацька','Аліна','Володимирівна','1999-12-28','f',13,'11','3',0,'524106',1,1,'','2шк.',0,NULL,NULL,'',NULL),(185,'Шозда','Вероніка','Ярославівна','2009-06-12','f',555,'16','1',0,'511489',1,1,'','',0,NULL,NULL,'','Яреми'),(186,'Шозда','Марко','Ярославович','2007-05-22','f',555,'16','1',0,'511489',1,1,'','',0,NULL,NULL,'','Яреми'),(187,'Шозда','Зоряна','Ярославівна','2006-02-03','f',555,'16','1',0,'511489',1,1,'','',0,NULL,NULL,'','Яреми'),(188,'Шозда','Юлія','Ярославівна','2004-08-06','f',555,'16','1',0,'511489',1,1,'','28шк.',0,NULL,NULL,'','Яреми'),(189,'Шозда','Діна','Ярославівна','2003-01-22','f',555,'16','1',0,'511489',1,1,'','28шк.',0,NULL,NULL,'','Яреми'),(190,'Романишин','Христина','Володимирівна','1998-01-01','f',174,'1','18',0,'259079',1,1,'Дата народження не вказана. \n','',0,NULL,NULL,'',NULL),(191,'Штафірна','Наталя','Петрівна','2003-03-04','f',116,'10','47',0,'245756',1,1,'','',0,NULL,NULL,'',NULL),(192,'Михайлова','Надія','Вікторівна','1009-11-19','f',275,'9','23',0,'989821928',1,1,'','',0,NULL,NULL,'',NULL),(193,'Загурський','Олександр','Володимирович','2007-12-23','f',52,'37','6',0,'282110',1,1,'','',0,NULL,NULL,'',NULL),(194,'Загурський','Михайло','Володимирович','2009-01-24','f',52,'37','6',0,'282110',1,1,'','',0,NULL,NULL,'',NULL),(195,'Вишневська','Надія','Володимирівна','2011-01-01','f',231,'5','39',0,'288050',1,1,'Дата народження не вказана. \n','',0,NULL,NULL,'',NULL),(196,'Музика','Сюзана','Василівна','2000-11-03','f',111,'9','53',0,'',1,1,'','',0,NULL,NULL,'',NULL),(197,'Гадзюк','Сергій','Іванович','2004-08-01','f',111,'9','53',0,'',1,1,'','',0,NULL,NULL,'',NULL),(198,'Тарнавський','Віктор','Анатолійович','2009-10-31','f',164,'3','46',0,'545039',1,1,'','',0,NULL,NULL,'',NULL),(199,'Дорін','Денис','Леонідович','2010-12-15','f',213,'20','28',0,'671531952',1,1,'','',0,NULL,NULL,'',NULL),(200,'Дорін','Софія','Леонідівна','2009-08-11','f',213,'20','28',0,'671531952',1,1,'','',0,NULL,NULL,'',NULL),(201,'Дорін','Лілія','Леонідівна','2003-11-05','f',213,'20','28',0,'671531952',1,1,'','15шк.',0,NULL,NULL,'',NULL),(202,'Головатий','Богдан','Романович','1996-04-12','f',281,'2','81',0,'287280',1,1,'','23шк.',0,NULL,NULL,'',NULL),(203,'Цимбалістий','Вадим','Андрійович','2004-08-01','f',105,'16','69',0,'544079',1,1,'','25шк',0,NULL,NULL,'',NULL),(204,'Цимбалістий','Володимир','Олександрович','2001-07-03','f',105,'16','69',0,'544079',1,1,'','25шк',0,NULL,NULL,'',NULL),(205,'Цимбалістий','Артем','Тарасович','2010-05-12','f',105,'16','69',0,'544079',1,1,'','',0,NULL,NULL,'',NULL),(206,'Мотурняк','Діана','Михайлівна','2003-07-25','f',105,'16','69',0,'544079',1,1,'','6шк.',0,NULL,NULL,'',NULL),(207,'Прейзнер','Яна','Русланівна','2008-07-14','f',251,'12','9',0,'',1,1,'','',0,NULL,NULL,'',NULL),(208,'Корчинський','Олександр','Богданович','2001-03-26','f',142,'4','40',0,'537807',1,1,'','9шк.',0,NULL,NULL,'',NULL),(209,'Корчинська','Лілія','Богданівна','2002-12-27','f',142,'4','40',0,'537807',1,1,'','9шк.',0,NULL,NULL,'',NULL),(210,'Корчинська','Вадим','Богданівна','2004-08-09','f',142,'4','40',0,'537807',1,1,'','9шк.',0,NULL,NULL,'',NULL),(211,'Андрійкович','Олена','Василівна','1998-08-03','f',251,'16','99',0,'',1,1,'','',0,NULL,NULL,'',NULL),(212,'Гураль','Артем','Ігорович','2006-11-09','f',140,'41','109',0,'253560',1,1,'','',0,NULL,NULL,'',NULL),(213,'Геряк','Олена','Олексіївна','2001-11-04','f',197,'7','22',0,'432813',1,1,'','',0,NULL,NULL,'',NULL),(214,'Гармата','Микола','Анатолійович','1997-12-16','f',239,'20','29',0,'',1,1,'','',0,NULL,NULL,'Дитина позбавлена батьківського піклування',NULL),(215,'Біскупська','Ірина','Юріївна','2001-08-01','f',198,'25','9',0,'',1,1,'','',0,NULL,NULL,'Дитина позбавлена батьківського піклування',NULL),(216,'Біскупська','Каріна','Юріївна','1998-03-20','f',198,'25','9',0,'',1,1,'','',0,NULL,NULL,'Дитина позбавлена батьківського піклування',NULL),(217,'Кліщ','Анастасія','Романівна','2004-05-23','f',183,'62','41',0,'',1,1,'','',0,NULL,NULL,'Дитина-інвалід',NULL),(218,'Древницька','Олена','Олегівна','2003-11-15','f',278,'56','13',0,'',1,1,'','',0,NULL,NULL,'Дитина-інвалід',NULL),(219,'Павловська','Вікторія','Олександрівна','2001-09-24','f',252,'15','7',0,'',1,1,'','',0,NULL,NULL,'Дитина-інвалід',NULL),(220,'Клітинська','Лариса','Олександрівна','2001-09-03','f',90,'1','200',0,'',1,1,'','',0,NULL,NULL,'Виховує одинока мати, потребує матеріальної допомоги',NULL),(221,'Доліба','Тарас','Андрійович','2000-03-10','f',555,'3','2',0,'',1,1,'','',0,NULL,NULL,'Дитина-інвалід','Мостова-бічна'),(222,'Вальків','Марія','Ростиславівна','1999-10-08','f',90,'1','',1,'',1,1,'','',0,NULL,NULL,'Дитина-інвалід',NULL),(223,'Жулинська','Ірина','Ігорівна','2000-06-14','f',183,'62','3',0,'',1,1,'','',0,NULL,NULL,'Дитина-інвалід',NULL),(224,'Мелищук','Микола','Володимирович','1999-05-28','f',278,'64','20',0,'',1,1,'','',0,NULL,NULL,'Дитина-інвалід',NULL),(225,'Лях','Єлизавета','Юріївна','2004-09-16','f',50,'2','1',0,'',1,1,'','',0,NULL,NULL,'Багатодітні',NULL),(226,'Снігур','Світлана','Андріївна','1997-05-29','f',555,'31','',1,'',1,1,'','',0,NULL,NULL,'Напівсирота, малозабезпечена','В.Глибочок, Зарічна'),(227,'Долішній','Степан','Володимирович','1997-09-29','f',555,'1','',1,'',1,1,'','',0,NULL,NULL,'Напівсирота, потребує матеріальної допомоги','Оболоня 11'),(228,'Кордупель','Тарас','Васильович','0202-02-25','f',90,'37','64',0,'',1,1,'','',0,NULL,NULL,'Малозабезпечений, багатодітні',NULL),(229,'Кордупель','Назарій','Васильович','2002-02-25','f',90,'37','64',0,'',1,1,'','',0,NULL,NULL,'Малозабезпечений, багатодітні',NULL),(230,'Кордупель','Уляна','Василівна','1996-05-19','f',90,'37','64',0,'',1,1,'','',0,NULL,NULL,'Малозабезпечений, багатодітні',NULL),(231,'Дяків','Павло','Романович','2002-07-12','f',227,'5','',1,'',1,1,'','',0,NULL,NULL,'Напівсирота',NULL),(232,'Красніцька','Софія','Богданівна','2000-06-24','f',72,'9','43',0,'',1,1,'','',0,NULL,NULL,'Напівсирота',NULL),(233,'Городова','Вікторія','Вікторівна','1998-07-12','f',244,'20','',1,'',1,1,'','',0,NULL,NULL,'Напівсирота',NULL),(234,'Бандура','Андрій','Васильович','1994-12-13','f',59,'9','1',0,'',1,1,'','',0,NULL,NULL,'Під опікою',NULL),(235,'Бандура','Олександр','Васильович','1996-04-24','f',59,'9','1',0,'',1,1,'','',0,NULL,NULL,'Під опікою',NULL),(236,'Барицький','Олександр','Ігорович','2002-06-03','f',146,'21','',1,'',1,1,'','',0,NULL,NULL,'Багатодітна сім’я, напівсирота',NULL),(237,'Борисов','Денис','Олександрович','1999-09-29','f',81,'7','38',0,'',1,1,'','',0,NULL,NULL,'Малозабезпечена сім’я',NULL),(238,'Гаврон','Мар\'яна','Ярославівна','2002-11-10','f',46,'1','19',0,'',1,1,'','',0,NULL,NULL,'Малозабезпечена сім’я Багатодітна сім’я',NULL),(239,'Гаврон','Уляна','Ярославівна','2000-11-08','f',46,'1','19',0,'',1,1,'','',0,NULL,NULL,'Малозабезпечена сім’я Багатодітна сім’я',NULL),(240,'Голоюх','Максим','Євгенович','2001-02-04','f',96,'9','10',0,'',1,1,'','',0,NULL,NULL,'Багатодітна сім’я',NULL),(241,'Грицишин','Віталій','Андрійович','2002-05-22','f',271,'2','16',0,'',1,1,'','',0,NULL,NULL,'Багатодітна сім’я',NULL),(242,'Деркач','Назарій','Ігорович','2002-03-31','f',279,'6','5',0,'',1,1,'','',0,NULL,NULL,'Малозабезпечена сім’я',NULL),(243,'Доценко','Олександр','Петрович','1999-04-10','f',285,'35','18',0,'',1,1,'','',0,NULL,NULL,'Дитина-інвалід',NULL),(244,'Злепко','Юрій','Іванович','2002-04-29','f',154,'36','31',0,'',1,1,'','',0,NULL,NULL,'Дитина-інвалід',NULL),(245,'Зубов','Олександр','Богданович','1999-09-26','f',5,'2','2',0,'',1,1,'','',0,NULL,NULL,'Дитина-інвалід',NULL),(246,'Іванюк','Інна','Богданівна','1999-11-16','f',46,'18','31',0,'',1,1,'','',0,NULL,NULL,'Багатодітна сім’я',NULL),(247,'Книш','Анатолій','Олегович','2001-04-27','f',250,'10','3',0,'',1,1,'','',0,NULL,NULL,'Малозабезпечена сім’я',NULL),(248,'Колодницька','Марія','','1999-02-19','f',92,'14','80',0,'',1,1,'','',0,NULL,NULL,'Багатодітна сім’я',NULL),(249,'Купяк','Максим','Михайлович','2001-03-11','f',46,'18','11',0,'',1,1,'','',0,NULL,NULL,'Малозабезпечена сім’я',NULL),(250,'Кучер','Катерина','Вікторівна','2000-06-30','f',99,'35','516',0,'',1,1,'','',0,NULL,NULL,'Багатодітна сім’я',NULL),(251,'Кучер','Марія','Вікторівна','2002-08-21','f',99,'35','516',0,'',1,1,'','',0,NULL,NULL,'Багатодітна сім’я',NULL),(252,'Лобас','Олександр','Володимирович','0199-12-24','f',158,'3а','65',0,'',1,1,'','',0,NULL,NULL,'Неповна сім’я',NULL),(253,'Мамалига','Тетяна','','1998-11-09','f',275,'11','87',0,'',1,1,'','',0,NULL,NULL,'Малозабезпечена сім’я',NULL),(254,'Мартинів','Павло','Степанович','1999-08-07','f',96,'3','16',0,'',1,1,'','',0,NULL,NULL,'Дитина-інвалід',NULL),(255,'Морозов','Юрій','Костянтинович','2000-02-15','f',199,'8','1',0,'',1,1,'','',0,NULL,NULL,'Малозабезпечена сім’я',NULL),(256,'Новосад','Станіслав','Олександрович','1998-10-09','f',172,'7','2',0,'',1,1,'','',0,NULL,NULL,'Багатодітна сім’я',NULL),(257,'Олійник','Лідія','Максимівна','2001-08-11','f',147,'2','101',0,'',1,1,'','',0,NULL,NULL,'Дитина-інвалід',NULL),(258,'Романська','Нонна','Петрівна','1995-08-27','f',174,'4','43',0,'',1,1,'','',0,NULL,NULL,'Багатодітна сім’я, малозабезпечена сім’я',NULL),(259,'Романський','Артур','Петрович','1999-09-28','f',174,'4','43',0,'',1,1,'','',0,NULL,NULL,'Малозабезпечена сім’я, Багатодітна сім’я',NULL),(260,'Семенець','Володимир','Петрович','2002-07-01','f',12,'53','56',0,'',1,1,'','',0,NULL,NULL,'Неповна сім’я',NULL),(261,'Філь','Антон','Володимирович','2002-03-14','f',52,'35','19',0,'',1,1,'','',0,NULL,NULL,'Неповна сім’я',NULL),(262,'Чуревич','Степан','Васильович','2002-03-27','f',555,'3','',1,'',1,1,'','',0,NULL,NULL,'Багатодітна сім’я','Березовиця, Дубівська'),(263,'Щупко','Марія','Олександрівна','2000-07-18','f',8,'102','65',0,'',1,1,'','',0,NULL,NULL,'Багатодітна сім’я',NULL),(264,'Янюк','Марта','Іванівна','2000-12-18','f',3,'3','27',0,'',1,1,'','',0,NULL,NULL,'Під опікою',NULL),(265,'Яремечко','Анастасія','','1999-04-10','f',240,'3','43',0,'',1,1,'','',0,NULL,NULL,'Малозабезпечена сім’я',NULL),(266,'Бандура','Андрій','Васильович','1994-12-13','f',59,'9','1',0,'',1,1,'','',0,NULL,NULL,'Під опікою',NULL),(267,'Бандура','Олександр','Васильович','1996-04-24','f',59,'9','1',0,'',1,1,'','',0,NULL,NULL,'Під опікою',NULL),(268,'Барицький','Олександр','Ігорович','2002-06-03','f',146,'21','',1,'',1,1,'','',0,NULL,NULL,'Багатодітна сім’я, напівсирота',NULL),(269,'Борисов','Денис','Олександрович','1999-09-29','f',81,'7','38',0,'',1,1,'','',0,NULL,NULL,'Малозабезпечена сім’я',NULL),(270,'Гаврон','Мар\'яна','Ярославівна','2002-11-10','f',46,'1','19',0,'',1,1,'','',0,NULL,NULL,'Малозабезпечена сім’я Багатодітна сім’я',NULL),(271,'Гаврон','Уляна','Ярославівна','2000-11-08','f',46,'1','19',0,'',1,1,'','',0,NULL,NULL,'Малозабезпечена сім’я Багатодітна сім’я',NULL),(272,'Голоюх','Максим','Євгенович','2001-02-04','f',96,'9','10',0,'',1,1,'','',0,NULL,NULL,'Багатодітна сім’я',NULL),(273,'Грицишин','Віталій','Андрійович','2002-05-22','f',271,'2','16',0,'',1,1,'','',0,NULL,NULL,'Багатодітна сім’я',NULL),(274,'Деркач','Назарій','Ігорович','2002-03-31','f',279,'6','5',0,'',1,1,'','',0,NULL,NULL,'Малозабезпечена сім’я',NULL),(275,'Доценко','Олександр','Петрович','1999-04-10','f',285,'35','18',0,'',1,1,'','',0,NULL,NULL,'Дитина-інвалід',NULL),(276,'Злепко','Юрій','Іванович','2002-04-29','f',154,'36','31',0,'',1,1,'','',0,NULL,NULL,'Дитина-інвалід',NULL),(277,'Зубов','Олександр','Богданович','1999-09-26','f',5,'2','2',0,'',1,1,'','',0,NULL,NULL,'Дитина-інвалід',NULL),(278,'Іванюк','Інна','Богданівна','1999-11-16','f',46,'18','31',0,'',1,1,'','',0,NULL,NULL,'Багатодітна сім’я',NULL),(279,'Книш','Анатолій','Олегович','2001-04-27','f',250,'10','3',0,'',1,1,'','',0,NULL,NULL,'Малозабезпечена сім’я',NULL),(280,'Тинятовський','Володимир','Васильович','1997-05-14','f',52,'39','10',0,'',1,1,'','',0,NULL,NULL,'Багатодітна сім\'я',NULL),(281,'Тинятовський','Владислав','Васильович','2003-01-12','f',52,'39','10',0,'',1,1,'','',0,NULL,NULL,'Багатодітна сім\'я',NULL),(282,'Тинятовський','Мирослав','Васильович','2008-11-23','f',52,'39','10',0,'',1,1,'','',0,NULL,NULL,'Багатодітна сім\'я',NULL),(283,'Сеньків','Віталій','Володимирович','1998-01-01','f',52,'41','36',0,'',1,1,'Дата народження не вказана. \n','',0,NULL,NULL,'Багатодітна сім\'я',NULL),(284,'Сеньків','Жанна','Володимирівна','2001-01-01','f',52,'41','36',0,'',1,1,'Дата народження не вказана. \n','',0,NULL,NULL,'Багатодітна сім\'я',NULL),(285,'Сеньків','Роман','Володимирович','2010-01-01','f',52,'41','36',0,'',1,1,'Дата народження не вказана. \n','',0,NULL,NULL,'Багатодітна сім\'я',NULL),(286,'Костриба','Давид','Андрійович','2004-01-01','f',52,'41','51',0,'',1,1,'Дата народження не вказана. \n','',0,NULL,NULL,'Багатодітна сім\'я',NULL),(287,'Костриба','Віталій','Андрійович','2005-01-01','f',52,'41','51',0,'',1,1,'Дата народження не вказана. \n','',0,NULL,NULL,'Багатодітна сім\'я',NULL),(288,'Поліщук','Ярослав','Русланович','1996-01-01','f',52,'37','31',0,'',1,1,'Дата народження не вказана. \n','',0,NULL,NULL,'Багатодітна сім\'я',NULL),(289,'Поліщук','Софія','Русланівна','2007-01-01','f',52,'37','31',0,'',1,1,'Дата народження не вказана. \n','',0,NULL,NULL,'Багатодітна сім\'я',NULL),(290,'Поліщук','Ростислав','Русланович','2009-01-01','f',52,'37','31',0,'',1,1,'Дата народження не вказана. \n','',0,NULL,NULL,'Багатодітна сім\'я',NULL),(291,'Юник','Тетяна','Тарасівна','2002-01-01','f',52,'39','34',0,'',1,1,'Дата народження не вказана. \n','',0,NULL,NULL,'Багатодітна сім\'я',NULL),(292,'Юник','Діана','Тарасівна','2006-01-01','f',52,'39','34',0,'',1,1,'Дата народження не вказана. \n','',0,NULL,NULL,'Багатодітна сім\'я',NULL),(293,'Юник','Аніта','Тарасівна','2007-01-01','f',52,'39','34',0,'',1,1,'Дата народження не вказана. \n','',0,NULL,NULL,'Багатодітна сім\'я',NULL),(294,'Глухан','Дмитро','Володимирович','1999-11-11','f',52,'41','18',0,'',1,1,'','',0,NULL,NULL,'Багатодітна сім\'я',NULL),(295,'Глухан','Віталій','Володимирович','2004-04-10','f',52,'41','18',0,'',1,1,'','',0,NULL,NULL,'Багатодітна сім\'я',NULL),(296,'Глухан','Ілона','Володимирівна','2004-04-10','f',52,'41','18',0,'',1,1,'','',0,NULL,NULL,'Багатодітна сім\'я',NULL),(297,'Паламарчук','Катерина','Миколаївна','2001-01-01','f',52,'41','74',0,'',1,1,'Дата народження не вказана. \n','',0,NULL,NULL,'Багатодітна сім\'я',NULL),(298,'Паламарчук','Дмитро','Миколайович','2003-01-01','f',52,'41','74',0,'',1,1,'Дата народження не вказана. \n','',0,NULL,NULL,'Багатодітна сім\'я',NULL),(299,'Паламарчук','Меланія','Миколаївна','2009-01-01','f',52,'41','74',0,'',1,1,'Дата народження не вказана. \n','',0,NULL,NULL,'Багатодітна сім\'я',NULL),(300,'Попович','Юлія','Степанівна','1999-12-27','f',104,'23','22',0,'',1,1,'','',0,NULL,NULL,'Багатодітна сім\'я',NULL),(301,'Попович','Олеся','Степанівна','2001-05-10','f',104,'23','22',0,'',1,1,'','',0,NULL,NULL,'Багатодітна сім\'я',NULL),(302,'Попович','Микола','Степанович','2007-12-29','f',104,'23','22',0,'',1,1,'','',0,NULL,NULL,'Багатодітна сім\'я',NULL),(303,'Дитюк','Мар\'яна','Володимирівна','2002-08-14','f',104,'3','30',0,'',1,1,'','',0,NULL,NULL,'Напівсирота',NULL),(304,'Шульгай','Ірина','Воломимирівна','2000-08-14','f',104,'3','85',0,'',1,1,'','',0,NULL,NULL,'Самотня мати',NULL),(305,'Годована','Юлія','Володимирівна','2000-06-18','f',104,'11','74',0,'',1,1,'','',0,NULL,NULL,'Багатодітна сім\'я',NULL),(306,'Годована','Дмитро','Володимирович','2001-08-02','f',104,'11','74',0,'',1,1,'','',0,NULL,NULL,'Багатодітна сім\'я',NULL),(307,'Годована','Соломія','Володимирівна','2006-03-26','f',104,'11','74',0,'',1,1,'','',0,NULL,NULL,'Багатодітна сім\'я і 2 д.  1рік і новонароджена',NULL),(308,'Макар','Іван','Михайлович','1997-06-05','f',104,'15','38+40',0,'',1,1,'','',0,NULL,NULL,'Багатодітна сім\'я',NULL),(309,'Макар','Степан','Михайлович','1995-12-26','f',104,'15','38+40',0,'',1,1,'','',0,NULL,NULL,'Багатодітна сім\'я',NULL),(310,'Фаріон','Тетяна','Володимирівна','1996-10-18','f',104,'17','13',0,'',1,1,'','',0,NULL,NULL,'Багатодітна сім\'я',NULL),(311,'Фаріон','Надія','Володимирівна','1998-08-03','f',104,'17','13',0,'',1,1,'','',0,NULL,NULL,'Багатодітна сім\'я',NULL),(312,'Фаріон','Василина','Володимирівна','2000-03-09','f',104,'17','13',0,'',1,1,'','',0,NULL,NULL,'Багатодітна сім\'я',NULL),(313,'Фаріон','Тарас','Володимирович','2001-04-30','f',104,'17','13',0,'',1,1,'','',0,NULL,NULL,'Багатодітна сім\'я',NULL),(314,'Фаріон','Ірина','Володимирівна','2002-09-02','f',104,'17','13',0,'',1,1,'','',0,NULL,NULL,'Багатодітна сім\'я',NULL),(315,'Фаріон','Діана','Володимирівна','2003-10-02','f',104,'17','13',0,'',1,1,'','',0,NULL,NULL,'Багатодітна сім\'я',NULL),(316,'Фаріон','Назар','Володимирович','2010-09-19','f',104,'17','13',0,'',1,1,'','',0,NULL,NULL,'Багатодітна сім\'я',NULL),(317,'Фаріон','Михайло','Володимирович','2008-10-14','f',104,'17','13',0,'',1,1,'','',0,NULL,NULL,'Багатодітна сім\'я',NULL),(318,'Сухінські','Наталя','Ярославівна','1994-02-28','f',104,'25','173',0,'',1,1,'','',0,NULL,NULL,'Багатодітна сім\'я',NULL),(319,'Сухінські','Ярослав','Ярославович','2000-05-11','f',104,'25','173',0,'',1,1,'','',0,NULL,NULL,'Багатодітна сім\'я',NULL),(320,'Сухінські','Христина','Ярославівна','2002-03-24','f',104,'25','173',0,'',1,1,'','',0,NULL,NULL,'Багатодітна сім\'я',NULL),(321,'Сухінські','Діана','Ярославівна','2009-12-24','f',104,'25','173',0,'',1,1,'','',0,NULL,NULL,'Багатодітна сім\'я  батьки алкоголіки',NULL),(322,'Медвідь','Зоряна','Василівна','1995-08-19','f',255,'14','85',0,'',1,1,'','',0,NULL,NULL,'Багатодітна сім\'я',NULL),(323,'Медвідь','Михайло','Васильович','1994-11-20','f',52,'52','57',0,'',1,1,'','',0,NULL,NULL,'Багатодітна сім\'я',NULL),(324,'Медвідь','Богдана','Василівна','1998-10-12','f',52,'52','57',0,'',1,1,'','',0,NULL,NULL,'Багатодітна сім\'я',NULL),(325,'Медвідь','Надія','Василівна','2000-02-20','f',52,'52','57',0,'',1,1,'','',0,NULL,NULL,'Багатодітна сім\'я',NULL),(326,'Медвідь','Андрій','Васильович','2003-06-11','f',52,'52','57',0,'',1,1,'','',0,NULL,NULL,'Багатодітна сім\'я',NULL),(327,'Медвідь','Оксана','Василівна','2006-09-10','f',52,'52','57',0,'',1,1,'','',0,NULL,NULL,'Багатодітна сім\'я',NULL),(328,'Головацькі','Надія','Григорівна','1994-12-27','f',104,'17','5',0,'',1,1,'','',0,NULL,NULL,'Багатодітна сім\'я',NULL),(329,'Головацькі','Наталя','Григорівна','1997-03-19','f',104,'17','5',0,'',1,1,'','',0,NULL,NULL,'Багатодітна сім\'я',NULL),(330,'Головацькі','Андрій','Григорович','1998-12-03','f',104,'17','5',0,'',1,1,'','',0,NULL,NULL,'Багатодітна сім\'я',NULL),(331,'Головацькі','Віра','Григорівна','2007-09-29','f',104,'17','5',0,'',1,1,'','',0,NULL,NULL,'Багатодітна сім\'я',NULL),(332,'Панас','Андрій','Ярославович','1994-02-10','f',104,'15','67',0,'',1,1,'','',0,NULL,NULL,'Багатодітна сім\'я',NULL),(333,'Панас','Зоряна','Ярославівна','1996-02-09','f',104,'15','67',0,'',1,1,'','',0,NULL,NULL,'Багатодітна сім\'я',NULL),(334,'Панас','Назарій','Ярославович','1999-06-10','f',104,'15','67',0,'',1,1,'','',0,NULL,NULL,'Багатодітна сім\'я',NULL),(335,'Панас','Ігор','Ярославович','2003-08-07','f',104,'15','67',0,'',1,1,'','',0,NULL,NULL,'Багатодітна сім\'я',NULL),(336,'Панас','Соломія','Ярославівна','2006-10-13','f',104,'15','67',0,'',1,1,'','',0,NULL,NULL,'Багатодітна сім\'я',NULL),(337,'Ільків','Анастасія','Андріївна','2008-08-16','f',104,'5','45',0,'',1,1,'','',0,NULL,NULL,'Самотня мати',NULL),(338,'Ільків','Софія','Олександрівна','2009-09-30','f',104,'5','45',0,'',1,1,'','',0,NULL,NULL,'Самотня мати',NULL),(339,'Слюсар','Ірина','Борисівна','1996-05-14','f',104,'17','17',0,'',1,1,'','',0,NULL,NULL,'Самотня мати',NULL),(340,'Слюсар','Катерина','Борисівна','1999-10-26','f',104,'17','17',0,'',1,1,'','',0,NULL,NULL,'Самотня мати',NULL),(341,'Слюсар','Юлія','Борисівна','2003-06-04','f',104,'17','17',0,'',1,1,'','',0,NULL,NULL,'Самотня мати',NULL),(342,'Олійник','Ліана','Ігорівна','2007-07-17','f',104,'5','112',0,'',1,1,'','',0,NULL,NULL,'Дитина-інвалід',NULL),(343,'Брошко','Оксана','Петрівна','2007-10-04','f',104,'23','29',0,'',1,1,'','',0,NULL,NULL,'Багатодітна сім\'я',NULL),(344,'Брошко','Христина','Петрівна','2009-12-29','f',104,'23','29',0,'',1,1,'','',0,NULL,NULL,'Багатодітна сім\'я',NULL),(345,'Брошко','Катерина','Петрівна','2011-01-01','f',104,'23','29',0,'',1,1,'Дата народження не вказана. \n','',0,NULL,NULL,'Багатодітна сім\'я',NULL),(346,'Кійко','Аліна','','1999-07-04','f',231,'3','152',0,'284972',1,1,'','28 шк.',0,NULL,NULL,'',NULL),(347,'Корозіз','Наталя','','1999-06-01','f',45,'10','109',0,'437679',1,1,'','28шк.',0,NULL,NULL,'',NULL),(348,'Кульпа','Юра','','1999-01-19','f',130,'11','900',0,'280851',1,1,'','28шк.',0,NULL,NULL,'',NULL),(349,'Маник','Володя','','1999-08-03','f',16,'15','',1,'261811',1,1,'','19шк.',0,NULL,NULL,'',NULL),(350,'Шаган','Юля','','1999-06-02','f',45,'10','2',0,'436853',1,1,'','28шк.',0,NULL,NULL,'',NULL),(351,'Бутрин','Олег','','2000-09-06','f',555,'','',1,'546963',1,1,'','28шк.',0,NULL,NULL,'','Гаї Гречинські'),(352,'Карась','Наталя','','1999-10-11','f',555,'4','53',0,'545925',1,1,'','28шк.',0,NULL,NULL,'','Вишнівецького'),(353,'Явна','Оксана','','1999-10-23','f',555,'4','40',0,'436884',1,1,'','28шк.',0,NULL,NULL,'','Вишнівецького'),(354,'Кульпа','Віталій','','2000-05-21','f',130,'11','900',0,'280851',1,1,'','28шк.',0,NULL,NULL,'',NULL),(355,'Береза','Максим','','2001-07-30','f',164,'1','134',0,'424586',1,1,'','28шк.',0,NULL,NULL,'',NULL),(356,'Женя','Гоцко','','2001-04-28','f',1,'3','11',0,'289511',1,1,'','17шк.',0,NULL,NULL,'',NULL),(357,'Карась','Віталій','','2001-08-28','f',555,'4','53',0,'545925',1,1,'','28шк.',0,NULL,NULL,'','Вишнівецького'),(358,'Романець','Мар\'яна','','2001-03-02','f',164,'1','141',0,'436763',1,1,'','29шк.',0,NULL,NULL,'',NULL),(359,'Ющишин','Максим','','2001-02-18','f',251,'26','96',0,'231625',1,1,'','29шк.',0,NULL,NULL,'',NULL),(360,'Ясінська','Настя','','2000-11-16','f',45,'3','156',0,'288456',1,1,'','29шк.',0,NULL,NULL,'',NULL),(361,'Білах','Валя','','2001-11-16','f',45,'6','37',0,'437216',1,1,'','28шк.',0,NULL,NULL,'',NULL),(362,'Бойко','Ейната','','2002-04-12','f',45,'6','23',0,'266393',1,1,'','29шк.',0,NULL,NULL,'',NULL),(363,'Бутрин','Світлана','','2002-05-28','f',555,'','',1,'989864335',1,1,'','28шк.',0,NULL,NULL,'','Гаї Гречинські'),(364,'Гнатів','Юра','','2002-08-20','f',251,'26','96',0,'231625',1,1,'','29шк.',0,NULL,NULL,'',NULL),(365,'Кійко','Сніжана','','2002-04-21','f',231,'3','152',0,'284972',1,1,'','28шк.',0,NULL,NULL,'',NULL),(366,'Кульпа','Сергій','','2001-12-30','f',130,'11','900',0,'280851',1,1,'','28шк.',0,NULL,NULL,'',NULL),(367,'Кріль','Андрій','','2002-05-30','f',164,'1','61',0,'280704',1,1,'','28шк.',0,NULL,NULL,'',NULL),(368,'Міськевич','Петро','','2002-05-25','f',231,'2','66',0,'264448',1,1,'','28шк.',0,NULL,NULL,'',NULL),(369,'Савіцький','Саша','','2002-09-02','f',130,'4','89',0,'284846',1,1,'','29шк.',0,NULL,NULL,'',NULL),(370,'Скородень','Настя','','2002-08-14','f',127,'3','54',0,'437704',1,1,'','27шк.',0,NULL,NULL,'',NULL),(371,'Слойка','Любомир','','2001-09-16','f',231,'5','156',0,'288241',1,1,'','29шк.',0,NULL,NULL,'',NULL),(372,'Явна','Олена','','2001-08-16','f',555,'4','40',0,'436884',1,1,'','28шк.',0,NULL,NULL,'','Вишнівецького'),(373,'Явна','Наталя','','2001-08-16','f',555,'4','40',0,'436884',1,1,'','28шк.',0,NULL,NULL,'','Вишнівецького'),(374,'Гребеняк','Василина','','2004-01-15','f',231,'1','171',0,'261858',1,1,'','',0,NULL,NULL,'',NULL),(375,'Здирка','Іван','','2003-07-06','f',45,'10','167',0,'262864',1,1,'','28шк.',0,NULL,NULL,'',NULL),(376,'Скоробагатий','Юра','','2003-05-02','f',164,'5','48',0,'280677',1,1,'','28шк.',0,NULL,NULL,'',NULL),(377,'Горайський','Андрій','','2003-12-11','f',45,'10','236',0,'437674',1,1,'','28шк.',0,NULL,NULL,'',NULL),(378,'Згирча','Юля','','2011-01-01','f',1,'','',1,'',1,1,'Дата народження не вказана. \n','',0,NULL,NULL,'',NULL),(379,'Міськевич','Володя','','2004-04-06','f',231,'2','66',0,'264448',1,1,'','28шк.',0,NULL,NULL,'',NULL),(380,'Ющишин','Аліна','','2003-11-11','f',251,'26','96',0,'231625',1,1,'','29шк.',0,NULL,NULL,'',NULL),(381,'Лакус','Павло','','2011-01-01','f',1,'','',1,'',1,1,'Дата народження не вказана. \n','',0,NULL,NULL,'',NULL),(382,'Горайський','Вітя','','2003-12-11','f',45,'10','236',0,'437674',1,1,'','28шк.',0,NULL,NULL,'',NULL),(383,'Згирча','Настя','','2011-01-01','f',1,'','',1,'',1,1,'Дата народження не вказана. \n','',0,NULL,NULL,'',NULL),(384,'Кравчук','Марта','','2001-02-02','f',114,'7','159',0,'264842',1,1,'','27шк.',0,NULL,NULL,'',NULL),(385,'Кульчинська','Настя','','2011-01-01','f',1,'','',1,'',1,1,'Дата народження не вказана. \n','',0,NULL,NULL,'',NULL),(386,'Тивонюк','Олексій','Петрович','1996-01-01','f',139,'14','',1,'',1,1,'Дата народження не вказана. \nпотребує допомоги','26шк.',0,NULL,NULL,'',NULL),(387,'Дмитрів','Олена','Сергіївна','2000-01-01','f',114,'9','168',0,'',1,1,'Дата народження не вказана. \n','26шк.',0,NULL,NULL,'',NULL),(388,'Тивонюк','Руслан','Петрович','1999-01-01','f',139,'14','',1,'',1,1,'Дата народження не вказана. \nпотребує допомоги','26шк.',0,NULL,NULL,'',NULL),(389,'Сухінський','Антон','Ярославович','2000-01-01','f',104,'25','173',0,'',1,1,'Дата народження не вказана. \nпотребує допомоги','26шк.',0,NULL,NULL,'',NULL),(390,'Рудак','ВІталій','Віталійович','2000-01-01','f',1,'27','95',0,'',1,1,'Дата народження не вказана. \n','26шк.',0,NULL,NULL,'',NULL),(391,'Рудак','Володя','Віталійович','2001-01-01','f',1,'27','95',0,'',1,1,'Дата народження не вказана. \n','26шк.',0,NULL,NULL,'',NULL),(392,'Романишин','Артур','Русланович','2000-01-01','f',1,'21','128',0,'',1,1,'Дата народження не вказана. \n','26шк.',0,NULL,NULL,'',NULL),(393,'Панчишин','Ярослав','Богданович','2001-01-01','f',1,'27','116',0,'',1,1,'Дата народження не вказана. \n','26шк.',0,NULL,NULL,'',NULL),(394,'Дурчак','Мар\'яна','Романівна','1999-01-01','f',1,'17','88',0,'',1,1,'Дата народження не вказана. \n','26шк.',0,NULL,NULL,'',NULL),(395,'Войтович','Ростислав','Вікторович','2001-01-01','f',1,'23','66',0,'',1,1,'Дата народження не вказана. \n','26шк.',0,NULL,NULL,'',NULL),(396,'Складанюк','Олег','Сергійович','2001-01-01','f',91,'','',1,'',1,1,'Дата народження не вказана. \n','26шк.',0,NULL,NULL,'',NULL),(397,'Сухінська','Христина','Ярославівна','2001-01-01','f',104,'25','173',0,'',1,1,'Дата народження не вказана. \nпотребує допомоги','26шк.',0,NULL,NULL,'',NULL),(398,'Тивонюк','Олександр','Петрович','2001-01-01','f',139,'44','',1,'',1,1,'Дата народження не вказана. \nпотребує допомоги','26шк.',0,NULL,NULL,'',NULL),(399,'Білань','Олександр','Васильович','2002-01-01','f',1,'29','47',0,'',1,1,'Дата народження не вказана. \n','26шк.',0,NULL,NULL,'',NULL),(400,'Войтович','Володя','Юрійович','2002-01-01','f',231,'1','140',0,'',1,1,'Дата народження не вказана. \n','26шк.',0,NULL,NULL,'',NULL),(401,'Романець','Віталік','Зеновійович','1996-01-01','f',231,'1','181',0,'',1,1,'Дата народження не вказана. \nпотребує допомоги','26шк.',0,NULL,NULL,'',NULL),(402,'Тинятовський','Владислав','Васильович','2003-01-01','f',52,'39','10',0,'',1,1,'Дата народження не вказана. \n','26шк.',0,NULL,NULL,'',NULL),(403,'Дідух','Максим','Васильович','2002-01-01','f',114,'9','10',0,'',1,1,'Дата народження не вказана. \n','26шк.',0,NULL,NULL,'',NULL),(404,'Логуш','Вікторія','Ігорівна','2003-01-01','f',127,'10','86',0,'',1,1,'Дата народження не вказана. \n','26шк.',0,NULL,NULL,'',NULL),(405,'Малко','Тереза','Ігорівна','2002-01-01','f',1,'23','140',0,'',1,1,'Дата народження не вказана. \n','26шк.',0,NULL,NULL,'',NULL),(406,'Шиманський','Антон','Олександрович','2002-01-01','f',1,'27','16',0,'',1,1,'Дата народження не вказана. \n','26шк.',0,NULL,NULL,'',NULL),(407,'Рябоконь','Софія','Олександрівна','2004-01-01','f',114,'9','236',0,'',1,1,'Дата народження не вказана. \n','26шк.',0,NULL,NULL,'',NULL),(408,'Ковалець','Максим','Олександрович','2000-01-01','f',264,'10','81',0,'',1,1,'Дата народження не вказана. \n','26шк.',0,NULL,NULL,'',NULL),(409,'Панчишин','Софія','Богданівна','2001-01-01','f',1,'27','115',0,'',1,1,'Дата народження не вказана. \n','26шк.',0,NULL,NULL,'',NULL),(410,'Тивонюк','Діана','Петрівна','2001-01-01','f',139,'44','',1,'',1,1,'Дата народження не вказана. \nпотребує допомоги','26шк.',0,NULL,NULL,'',NULL),(411,'Паляниця','Варвара','Іванівна','2001-01-01','f',114,'21','',1,'',1,1,'Дата народження не вказана. \nпогано бачить','26шк.',0,NULL,NULL,'',NULL),(412,'Ремеза','Христина','Олегівна','2002-01-01','f',127,'8','119',0,'',1,1,'Дата народження не вказана. \n','26шк.',0,NULL,NULL,'',NULL),(413,'Москалюк','Катерина','Леонідівна','2004-01-01','f',114,'9','280',0,'',1,1,'Дата народження не вказана. \n','26шк.',0,NULL,NULL,'',NULL),(414,'Ремеза','Уляна','Олегівна','2000-01-01','f',127,'8','119',0,'',1,1,'Дата народження не вказана. \n','26шк.',0,NULL,NULL,'',NULL),(415,'Малко','Діана','Олексіївна','2000-01-01','f',127,'10','162',0,'',1,1,'Дата народження не вказана. \n','26шк.',0,NULL,NULL,'',NULL),(416,'Цупер','Евеліна','Володимирівна','2001-01-01','f',1,'43','9',0,'',1,1,'Дата народження не вказана. \n','26шк.',0,NULL,NULL,'',NULL),(417,'Луців','Анна','','2004-01-01','f',1,'3','33',0,'',1,1,'Дата народження не вказана. \n','26шк.',0,NULL,NULL,'',NULL),(418,'Буцер','Анна','Андріївна','1999-01-01','f',1,'25','88',0,'',1,1,'Дата народження не вказана. \n','26шк.',0,NULL,NULL,'',NULL),(419,'Бобрівець','Анастасія','Василівна','2003-01-01','f',231,'12','10',0,'',1,1,'Дата народження не вказана. \n','26шк.',0,NULL,NULL,'',NULL),(420,'Бондарчук','Ірина','Вікторівна','2005-01-01','f',114,'7','206',0,'',1,1,'Дата народження не вказана. \n','26шк.',0,NULL,NULL,'',NULL),(421,'Шиманська','Ольга','Олександрівна','2005-01-01','f',1,'27','16',0,'',1,1,'Дата народження не вказана. \n','26шк.',0,NULL,NULL,'',NULL),(422,'Буцер','Олександр','Олегович','2004-01-01','f',1,'15','88',0,'',1,1,'Дата народження не вказана. \n','26шк.',0,NULL,NULL,'',NULL),(423,'Москалюк','Юрій','Леонідович','2004-01-01','f',114,'9','280',0,'',1,1,'Дата народження не вказана. \n','26шк.',0,NULL,NULL,'',NULL),(424,'Козаченко','Павло','Петрович','2002-01-01','f',1,'41','19',0,'',1,1,'Дата народження не вказана. \n','26шк.',0,NULL,NULL,'',NULL),(425,'Козаченко','Олександра','Петрівна','2004-01-01','f',1,'41','19',0,'',1,1,'Дата народження не вказана. \n','26шк.',0,NULL,NULL,'',NULL),(426,'Білявець','Олег','Ігорович','2001-01-01','f',130,'4','206',0,'',1,1,'Дата народження не вказана. \n','26шк.',0,NULL,NULL,'',NULL),(427,'Пилипчук','Олександр','Олегович','2001-01-01','f',217,'17','',1,'',1,1,'Дата народження не вказана. \n','26шк.',0,NULL,NULL,'',NULL),(428,'Рудак','Павло','Віталійович','2005-01-01','f',1,'27','95',0,'',1,1,'Дата народження не вказана. \n','26шк.',0,NULL,NULL,'',NULL),(429,'Нітефф','Каріна','Ігорівна','1998-01-01','f',231,'2','285',0,'',1,1,'Дата народження не вказана. \nпотребує матеріальної допомоги','26шк.',0,NULL,NULL,'',NULL),(430,'Кравчук','Марта','Володимирівна','2005-09-15','f',114,'7','159',0,'',1,1,'','27шк.',0,NULL,NULL,'',NULL),(431,'Юсиф','Аль Хамиш','','2005-02-08','f',114,'11','5',0,'',1,1,'','27шк.',0,NULL,NULL,'',NULL),(432,'Пиліпів','Роман','Ігорович','2005-09-22','f',231,'6','177',0,'',1,1,'','27шк.',0,NULL,NULL,'',NULL),(433,'Гуль','Марко','Русланович','2005-04-25','f',114,'9','131',0,'',1,1,'','27шк.',0,NULL,NULL,'',NULL),(434,'Кучмак','Андрій','Дмитрович','2005-02-18','f',555,'5','',1,'',1,1,'','27шк.',0,NULL,NULL,'','с.Байківці Братів Милів'),(435,'Костюк','Денис','Олександрович','2003-06-01','f',127,'3','58',0,'',1,1,'','27шк.',0,NULL,NULL,'',NULL),(436,'Семчук','Володя','Ігорович','2003-01-01','f',1,'21','135',0,'',1,1,'Дата народження не вказана. \n','27шк.',0,NULL,NULL,'',NULL),(437,'Рожицький','Матвій','Андрійович','2002-12-23','f',114,'1','23',0,'',1,1,'','27шк.',0,NULL,NULL,'',NULL),(438,'Маслюх','Павло','Андрійович','2001-10-19','f',1,'17','35',0,'',1,1,'','27шк.',0,NULL,NULL,'',NULL),(439,'Данилюк','Владислав','Володимирович','2002-04-04','f',231,'6','143',0,'',1,1,'','27шк.',0,NULL,NULL,'',NULL),(440,'Якимов','Павло','Сергійович','2002-01-10','f',225,'26','',1,'',1,1,'','27шк.',0,NULL,NULL,'',NULL),(441,'Кравчук','Максим','Володимирович','2001-02-02','f',114,'7','159',0,'',1,1,'','27шк.',0,NULL,NULL,'',NULL),(442,'Пилипів','Оксана','Ігорівна','2001-06-16','f',231,'6','177',0,'',1,1,'','27шк.',0,NULL,NULL,'',NULL),(443,'Яцук','Олександра','Віталіївна','2000-10-21','f',114,'27','85',0,'',1,1,'','27шк.',0,NULL,NULL,'',NULL),(444,'Бакієва','Наталія','Зінарівна','2000-10-06','f',1,'39','7',0,'',1,1,'','27шк.',0,NULL,NULL,'',NULL),(445,'Підгайний','Максим','Борисович','2001-01-01','f',114,'7','190',0,'',1,1,'Дата народження не вказана. \n','27шк.',0,NULL,NULL,'',NULL),(446,'Господин','Назар','Вікторович','1999-10-04','f',114,'9','191',0,'',1,1,'','27шк.',0,NULL,NULL,'',NULL),(447,'Кобялка','Аліна','Ігорівна','1999-11-19','f',127,'4','154',0,'',1,1,'','27шк.',0,NULL,NULL,'',NULL),(448,'Пилипів','Діана','Ігорівна','2000-02-04','f',231,'6','177',0,'',1,1,'','27шк.',0,NULL,NULL,'',NULL),(449,'Кара','Анастасія','Петрівна','2000-01-01','f',114,'3','25',0,'',1,1,'Дата народження не вказана. \n','27шк.',0,NULL,NULL,'',NULL),(450,'Якимович','Олександр','Сергійович','2000-01-01','f',225,'26','',1,'',1,1,'Дата народження не вказана. \n','27шк.',0,NULL,NULL,'',NULL),(451,'Петрович','Богдан','Карий','1999-01-28','f',114,'3','25',0,'',1,1,'','27шк.',0,NULL,NULL,'',NULL),(452,'Дутка','Валерій','Васильович','2000-01-01','f',127,'4','127',0,'',1,1,'Дата народження не вказана. \n','26шк.',0,NULL,NULL,'',NULL),(453,'Подолян','Марія','Василівна','2001-01-01','f',1,'21','72',0,'',1,1,'Дата народження не вказана. \n','26шк.',0,NULL,NULL,'',NULL),(454,'Лободець','Аліна','Михайлівна','2001-05-01','f',81,'13','48',0,'',1,1,'','14шк.',0,NULL,NULL,'',NULL),(455,'Лободець','Богдан','Михайлович','1999-02-18','f',81,'13','48',0,'',1,1,'','14шк.',0,NULL,NULL,'',NULL),(456,'Яровий','Антон','Васильович','2005-06-11','f',54,'11','53',0,'241542',1,1,'','14шк.',0,NULL,NULL,'',NULL),(457,'Кульба','Іван','Борисович','1999-01-20','f',83,'13','6',0,'245362',1,1,'','14шк.',0,NULL,NULL,'',NULL),(458,'Лимар','Артем','Юрійович','1999-05-12','f',81,'5','79',0,'241579',1,1,'','14шк.',0,NULL,NULL,'',NULL),(459,'Кульба','Андріана','Борисівна','2003-12-13','f',83,'13','6',0,'245362',1,1,'','14шк.',0,NULL,NULL,'',NULL),(460,'Валіон','Вадим','Русланович','2002-02-03','f',264,'18','245',0,'241511',1,1,'','14шк.',0,NULL,NULL,'',NULL),(461,'Батюк','Олег','Петрович','2002-07-01','f',264,'18','421',0,'',1,1,'','14шк.',0,NULL,NULL,'',NULL),(462,'Захарко','Тарас','Володимирович','2002-02-07','f',264,'10','54',0,'248758',1,1,'','14шк.',0,NULL,NULL,'',NULL),(463,'Бойко','Павло','Анатолійович','2000-07-11','f',555,'6','94',0,'249312',1,1,'','14шк.',0,NULL,NULL,'','Черняховського'),(464,'Батюк','Дмитро','Астрович','2004-04-23','f',264,'18','241',0,'',1,1,'','14шк.',0,NULL,NULL,'',NULL),(465,'Піюс','Микола','Васильович','2000-12-13','f',54,'6','71',0,'',1,1,'','14шк.',0,NULL,NULL,'',NULL),(466,'Марчук','Жанна','Василівна','2000-08-25','f',213,'16','55',0,'431620',1,1,'','14шк.',0,NULL,NULL,'',NULL),(467,'Бельц','Іванна','Ярославівна','2001-09-27','f',264,'18','182',0,'',1,1,'','14шк.',0,NULL,NULL,'',NULL),(468,'Береза','Остап','Романович','1996-11-27','f',264,'14','24',0,'',1,1,'дитина-інвалід','14шк.',0,NULL,NULL,'',NULL),(469,'Грабчук','Віра','Борисівна','2001-08-16','f',35,'4','200',0,'',1,1,'дитина-інвалід','14шк.',0,NULL,NULL,'',NULL),(470,'Гураль','Валентин','Олегович','2002-10-11','f',213,'16','69',0,'249377',1,1,'дитина-інвалід','14шк.',0,NULL,NULL,'',NULL),(471,'Патрика','Назар','Вікторович','1999-05-12','f',213,'6','40',0,'247780',1,1,'дитина-інвалід','14шк.',0,NULL,NULL,'',NULL),(472,'Циганюк','Алла','Віталіївна','2002-04-04','f',213,'18','103',0,'',1,1,'дитина-інвалід','14шк.',0,NULL,NULL,'',NULL),(473,'Поліха','Остап','Андрійович','2001-12-03','f',213,'22','91',0,'',1,1,'дитина-інвалід','14шк.',0,NULL,NULL,'',NULL),(474,'Парубій','Максим','Іванович','2003-06-13','f',8,'92','103',0,'427380',1,1,'дитина-інвалід','14шк.',0,NULL,NULL,'',NULL),(475,'Качечка','Анастасія','Сергіївна','2004-07-16','f',83,'1','41',0,'',1,1,'дитина-інвалід','14шк.',0,NULL,NULL,'',NULL),(476,'Щурко','Яна','Степанівна','2003-10-06','f',555,'10','75',0,'245795',1,1,'дитина-інвалід','14шк.',0,NULL,NULL,'','К.Савура'),(477,'Шангар','Назар','','2001-02-28','f',555,'4','58',0,'',1,1,'','14шк.',0,NULL,NULL,'','Черняховського'),(478,'Козак','Ірина','Сергіївна','2001-08-15','f',555,'3','207',0,'529515',1,1,'','14шк.',0,NULL,NULL,'','К.Савура'),(479,'Клим','Людмила','Олександрівна','2001-09-27','f',264,'27','9',0,'347951',1,1,'','14шк.',0,NULL,NULL,'',NULL),(480,'Венгер','Назар','Сергійович','2000-01-16','f',213,'22','20',0,'245443',1,1,'','14шк.',0,NULL,NULL,'',NULL),(481,'Патрика','Тетяна','Вікторівна','2002-11-26','f',213,'6','40',0,'247780',1,1,'','14шк.',0,NULL,NULL,'',NULL),(482,'Зарванська','Руслана','','2004-07-01','f',77,'13','5',0,'',1,1,'','14шк.',0,NULL,NULL,'',NULL),(483,'Козловська','Поліна','Сергіївна','2002-12-20','f',8,'88','503',0,'',1,1,'','14шк.',0,NULL,NULL,'',NULL),(484,'Дрогобицький','Максим','Михайлович','2001-08-11','f',555,'5','59',0,'',1,1,'','14шк.',0,NULL,NULL,'','К.Савура'),(485,'Дрозд','Павло','Володимирович','2001-07-11','f',83,'17','23',0,'',1,1,'','14шк.',0,NULL,NULL,'',NULL),(486,'Маринин','Богдан','Андрійович','2000-02-04','f',213,'16а','529569',0,'',1,1,'','14шк.',0,NULL,NULL,'',NULL),(487,'Пелехата','Катерина','Віталіївна','2004-02-28','f',555,'10','61',0,'',1,1,'','14шк.',0,NULL,NULL,'','К.Савура'),(488,'Гесюк','Владислав','Олегович','2002-05-24','f',264,'12','103',0,'',1,1,'','14шк.',0,NULL,NULL,'',NULL),(489,'Дрозд','Надія','','2004-05-10','f',81,'17','23',0,'',1,1,'','14шк.',0,NULL,NULL,'',NULL),(490,'Поліщук','Віталій','Володимирович','2004-12-23','f',76,'14','30',0,'',1,1,'','14шк.',0,NULL,NULL,'',NULL),(491,'Галічевська','Ангеліна','Вікторівна','2005-06-03','f',177,'','34',0,'',1,1,'','14шк.',0,NULL,NULL,'',NULL),(492,'Бубнова','Аліна','Олександрівна','2005-06-06','f',88,'15','1',0,'274032',1,1,'','14шк.',0,NULL,NULL,'',NULL),(493,'Чорна','Анастасія','Ігорівна','1999-11-03','f',264,'18','205',0,'',1,1,'','14шк.',0,NULL,NULL,'',NULL),(494,'Гесюк','Катерина','Олегівна','2005-07-05','f',122,'2','92',0,'',1,1,'','14шк.',0,NULL,NULL,'',NULL),(495,'Хамуляк','Вікторія','Ігорівна','2001-12-14','f',555,'22','20',0,'240855',1,1,'','14шк.',0,NULL,NULL,'','Черняховського'),(496,'Хамуляк','Віталія','Ігорівна','2001-12-14','f',555,'22','20',0,'240855',1,1,'','14шк.',0,NULL,NULL,'','Черняховського'),(497,'Наконечний','Володя','Зіновійович','2002-03-28','f',213,'20а','6',0,'529625',1,1,'','14шк.',0,NULL,NULL,'',NULL),(498,'Панюс','Роман','Олегович','1999-02-11','f',213,'14','11',0,'',1,1,'','14шк.',0,NULL,NULL,'',NULL),(499,'Шмигельський','Тарас','Юрійович','1999-08-12','f',81,'17','25',0,'',1,1,'','14шк.',0,NULL,NULL,'',NULL),(500,'Оберняк','Юрій','Андрійович','2001-06-13','f',264,'10','12',0,'242265',1,1,'','14шк.',0,NULL,NULL,'',NULL),(501,'Процик','Володя','Васильович','2001-07-24','f',555,'7','31',0,'',1,1,'','14шк.',0,NULL,NULL,'','К.Савура'),(502,'Барбарич','Ірина','Михайлівна','2000-07-26','f',555,'9','53',0,'249737',1,1,'','14шк.',0,NULL,NULL,'','К.Савура'),(503,'Панюс','Неля','Олегівна','2000-07-18','f',213,'14','11',0,'529334',1,1,'','14шк.',0,NULL,NULL,'',NULL),(504,'Серкіз','Станіслав','Сергійович','1999-12-29','f',213,'22','66',0,'249955',1,1,'','14шк.',0,NULL,NULL,'',NULL),(505,'Шмигельський','Анна','Юріївна','2001-12-13','f',81,'17','25',0,'249606',1,1,'','14шк.',0,NULL,NULL,'',NULL),(506,'Олійник','Зоряна','Олегівна','2005-07-31','f',213,'18','155',0,'',1,1,'','14шк.',0,NULL,NULL,'',NULL),(507,'Богун','Олена','Миколаївна','2004-07-25','f',555,'5','8',0,'244647',1,1,'','14шк.',0,NULL,NULL,'','К.Савура'),(508,'Венгер','Тетяна','Сергіївна','2002-10-09','f',213,'22','20',0,'245443',1,1,'','14шк.',0,NULL,NULL,'',NULL),(509,'Баран','Марія','Миронівна','2001-09-17','f',264,'8','46',0,'',1,1,'','14шк.',0,NULL,NULL,'',NULL),(510,'Малик','Богдана','Андріївна','2001-08-17','f',81,'6а','121',0,'',1,1,'','14шк.',0,NULL,NULL,'',NULL),(511,'Шлапак','Вероніка','Юріївна','1999-03-13','f',555,'9','63',0,'281668',1,1,'','14шк.',0,NULL,NULL,'','К.Савура'),(512,'Малищик','Наталія','Володимирівна','2000-02-10','f',81,'6а','29',0,'',1,1,'','14шк.',0,NULL,NULL,'',NULL),(513,'Гинда','Володя','Васильович','2002-07-31','f',213,'18','91',0,'248491',1,1,'','14шк.',0,NULL,NULL,'',NULL),(514,'Гинда','Максим','Васильович','2002-07-31','f',213,'18','91',0,'248491',1,1,'','14шк.',0,NULL,NULL,'',NULL),(515,'Звір','Юрій','Русланович','2000-04-15','f',264,'16','47',0,'',1,1,'','14шк.',0,NULL,NULL,'',NULL),(516,'Пинило','Віктор','Ігорович','2005-04-26','f',213,'22','44',0,'',1,1,'','14шк.',0,NULL,NULL,'',NULL),(517,'Панасюк','Назар','Сергійович','1999-02-24','f',555,'11','43',0,'246560',1,1,'','14шк.',0,NULL,NULL,'','Черняховського'),(518,'Савків','Тарас','Сергійович','2004-06-04','f',213,'16а','3',0,'',1,1,'','14шк.',0,NULL,NULL,'',NULL),(519,'Кручок','Віталій','Дмитрович','1999-12-31','f',264,'18','37',0,'',1,1,'','14шк.',0,NULL,NULL,'',NULL),(520,'Венгер','Зоряна','Сергіївна','2005-05-17','f',213,'22','20',0,'245443',1,1,'','14шк.',0,NULL,NULL,'',NULL),(521,'Петрик','Мар\'яна','Григорівна','2005-09-15','f',555,'11','28',0,'435390',1,1,'','14шк.',0,NULL,NULL,'','К.Савура'),(522,'Малищик','Юлія','Володимирівна','2005-03-17','f',81,'6а','49',0,'',1,1,'','14шк.',0,NULL,NULL,'',NULL),(523,'Скруйбис','Світлана','Ігорівна','1999-10-27','f',85,'4','3',0,'',1,1,'','7 школа',0,NULL,NULL,'сирота',NULL),(524,'Крупка','Олександра','Ростиславівна','2003-09-23','f',182,'1','20',0,'',1,1,'','7 школа',0,NULL,NULL,'сирота',NULL),(525,'Задойний','Віктор','Андрійович','1999-01-22','m',111,'11','2',0,'',1,1,'','7 школа',0,NULL,NULL,'багатодітна сім\'я',NULL),(526,'Задойний','Олег','Андрійович','2002-01-01','m',111,'11','2',0,'',1,1,'','7 школа',0,NULL,NULL,'багатодітна сім\'я',NULL),(527,'Задойний','Сергій','Андрійович','2005-02-24','m',111,'11','2',0,'',1,1,'','7 школа',0,NULL,NULL,'багатодітна сім\'я',NULL),(528,'Задойний','Павло','Андрійович','2003-04-24','m',111,'11','2',0,'',1,1,'і ще 3 дошкільного віку','7 школа',0,NULL,NULL,'багатодітна сім\'я',NULL),(529,'Тепцов','Артем','Володимирович','2001-07-31','f',85,'2','22',0,'',1,1,'\"G 40G Симптоматична терапевтична резистентна епілепсія з частими 1-2 р. на місяць нападами','7 школа',0,NULL,NULL,'інвалід',NULL),(531,'Кулик','Мар\'яна','Михайлівна','2002-07-24','f',39,'11','5',0,'',1,1,'\"20.01.2003 Атопічний дерматит','7 школа',0,NULL,NULL,'інвалід',NULL),(607,'Шевченко','Тарас','Андрійович','2003-05-17','m',1,'12','43',0,'',1,1,'','ЗОШ №27',0,NULL,NULL,NULL,NULL),(533,'Гарник','Остап','Володимирович','2002-05-08','m',111,'24а','7',0,'',1,1,'Оперована оклюзивна гідрацефалгія з нижнім центральним парезом','7 школа',0,NULL,NULL,'інвалід',NULL),(534,'Маланчук','Олег','Романович','2003-09-08','m',8,'11','',1,'',1,1,'','7 школа',0,NULL,NULL,'малозабезпечена сім\'я',NULL),(535,'Воробель','Анастасія','Богданівна','2005-01-03','f',198,'16','35',0,'',1,1,'','7 школа',0,NULL,NULL,'малозабезпечена сім\'я',NULL),(536,'Горбань','Олександр','Михайлович','1999-12-24','m',86,'2','22',0,'',1,1,'','7 школа',0,NULL,NULL,'малозабезпечена сім\'я',NULL),(537,'Заверуха','Олег','Богданович','1999-11-14','m',111,'9','77',0,'',1,1,'','7 школа',0,NULL,NULL,'малозабезпечена сім\'я',NULL),(538,'Назар','Пухонський','Вікторович','2002-08-24','m',111,'26','31',0,'',1,1,'','7 школа',0,NULL,NULL,'малозабезпечена сім\'я',NULL),(539,'Назар','Радняний','Володимирович','2000-11-29','m',182,'3','7',0,'',1,1,'','7 школа',0,NULL,NULL,'малозабезпечена сім\'я',NULL),(540,'Фірман','Ірина','Андріївна','2004-01-01','f',127,'4','137',0,'',1,1,'Дата народження не вказана. \n','Тернопільська ЗОШ №27',0,NULL,NULL,'напівсирота',NULL),(541,'Залізний','Назар','Михайлович','2003-09-27','m',231,'2','78',0,'',1,1,'','Тернопільська ЗОШ №27',0,NULL,NULL,'напівсирота',NULL),(542,'Линишин','Тарас','Володимирович','2002-10-03','m',1,'27','126',0,'',1,1,'','Тернопільська ЗОШ №27',0,NULL,NULL,'напівсирота',NULL),(543,'Коваль','Максим','Олексійович','2000-11-13','m',231,'4','234',0,'',1,1,'','Тернопільська ЗОШ №27',0,NULL,NULL,'напівсирота',NULL),(544,'Томків','Аліна','Андріївна','2000-10-08','f',45,'3','94',0,'',1,1,'','Тернопільська ЗОШ №27',0,NULL,NULL,'напівсирота',NULL),(545,'Залізний','Сергій','Михайлович','2000-10-04','m',231,'2','160',0,'',1,1,'','Тернопільська ЗОШ №27',0,NULL,NULL,'напівсирота',NULL),(546,'Крамар','Костянтин','Володимирович','2000-06-18','m',231,'6','44',0,'',1,1,'','Тернопільська ЗОШ №27',0,NULL,NULL,'напівсирота',NULL),(547,'Христенко','Юлія','Віталіївна','1999-11-21','f',1,'31','115',0,'',1,1,'','Тернопільська ЗОШ №27',0,NULL,NULL,'напівсирота',NULL),(548,'Божок','Христина','Любомирівна','1999-02-19','f',275,'17','98А',0,'',1,1,'','Тернопільська ЗОШ №27',0,NULL,NULL,'напівсирота',NULL),(549,'Горобець','Назар','Андрійович','1999-05-11','m',1,'41','15',0,'',1,1,'','Тернопільська ЗОШ №27',0,NULL,NULL,'напівсирота',NULL),(550,'Дейнега','Анастасія','Андріївна','2003-01-01','f',114,'7','69',0,'',1,1,'Дата народження не вказана. \n','Тернопільська ЗОШ №27',0,NULL,NULL,'інвалід',NULL),(551,'Марич','Аліна','Валеріївна','2003-01-01','f',1,'21','76',0,'',1,1,'Дата народження не вказана. \n','Тернопільська ЗОШ №27',0,NULL,NULL,'інвалід',NULL),(552,'Шмига','Каріна','Олегівна','2002-04-18','f',1,'37','96',0,'',1,1,'','Тернопільська ЗОШ №27',0,NULL,NULL,'інвалід',NULL),(553,'Трухан','Віталій','Анатолійович','1999-06-15','m',114,'1','14',0,'',1,1,'','Тернопільська ЗОШ №27',0,NULL,NULL,'інвалід',NULL),(554,'Куртяк','Любов','Русланівна','1997-06-17','f',555,'12','62',0,'',1,1,'дуже потребує','Тернопільська ЗОШ №27',0,NULL,NULL,'без піклування батьків','Тарнавського (15 Квітня15/118)'),(555,'Куртяк','Сергій','Русланович','2004-02-23','m',555,'12','62',0,'',1,1,'дуже потребує','Тернопільська ЗОШ №27',0,NULL,NULL,'без піклування батьків','Тарнавського (15 Квітня 15/118)'),(556,'Лучкевич','Вікторія','Любомирівна','2005-05-30','f',110,'10','',1,'',1,1,'','',0,NULL,NULL,'багатодітна сім\'я(3-7)',NULL),(557,'Гайдаш','Олександр','Сергійович','2004-07-03','m',92,'1','14',0,'',1,1,'','',0,NULL,NULL,'багатодітна сім\'я(3-7)/ інвалід',NULL),(558,'Синів','Андрій','Русланович','2005-08-30','m',174,'53','4',0,'985318657',1,1,'','',0,NULL,NULL,'багатодітна сім\'я(3-7)',NULL),(559,'Сава','Марія','Михайлівна','2004-04-12','f',555,'3','168',0,'982688793',1,1,'дуже потребує','',0,NULL,NULL,'багатодітна сім\'я(3-7)','Лук\'яновича'),(560,'Венгринюк','Владислав','Петрович','2004-02-29','m',174,'91','1',0,'236626',1,1,'','',0,NULL,NULL,'багатодітна сім\'я(3-7)',NULL),(561,'Роніш','Юлія','Ярославівна','2004-09-04','f',172,'12','2',0,'9778689295',1,1,'дуже потребує','',0,NULL,NULL,'багатодітна сім\'я(3-7)',NULL),(562,'Драбюк','Тетяна','Юріївна','2003-08-31','f',259,'9','1',0,'233760',1,1,'','',0,NULL,NULL,'багатодітна сім\'я(3-7)',NULL),(563,'Ковальов','Віталій','Віталійович','2002-08-08','m',24,'10','8',0,'259308',1,1,'','',0,NULL,NULL,'багатодітна сім\'я(3-7)',NULL),(564,'Попів','Людмила','Михайлівна','2002-09-28','f',23,'54','604',0,'520329',1,1,'','',0,NULL,NULL,'багатодітна сім\'я(3-7)',NULL),(565,'Синів','Юлія','Русланівна','2002-11-10','f',174,'53','4',0,'985318607',1,1,'','',0,NULL,NULL,'багатодітна сім\'я(3-7)',NULL),(566,'Данилюк','Арсен','Васильович','2001-02-22','m',29,'17','29',0,'961398922/528479',1,1,'','',0,NULL,NULL,'багатодітна сім\'я(3-7)',NULL),(567,'Ковальов','Вадим','Віталійович','2000-12-02','m',1,'','',1,'0969323293/259308',1,1,'','',0,NULL,NULL,'багатодітна сім\'я(3-7)',NULL),(568,'Роніш','Марія','Ярославівна','2001-04-07','f',172,'12','2',0,'259772',1,1,'дуже потребують','',0,NULL,NULL,'багатодітна сім\'я(3-7)',NULL),(569,'Самборський','Андрій','Володимирович','2000-12-08','m',171,'1а','73',0,'673995134',1,1,'','',0,NULL,NULL,'багатодітна сім\'я(3-7)',NULL),(570,'Никорук','Олександр','Олегович','2000-12-26','m',13,'9','',1,'525023',1,1,'','',0,NULL,NULL,'багатодітна сім\'я(3-7)',NULL),(571,'Сава','Лука','Михайлович','2001-03-14','m',555,'1','168',0,'',1,1,'дуже потребує','',0,NULL,NULL,'багатодітна сім\'я(3-7)','Лук\'яновича'),(572,'Федун','Юрій','Всеволодович','2001-05-13','m',174,'93','50',0,'255153',1,1,'','',0,NULL,NULL,'багатодітна сім\'я(3-7)',NULL),(573,'Мороз','Владислав','Олександрович','2000-07-26','m',174,'16','10',0,'977982900',1,1,'','',0,NULL,NULL,'багатодітна сім\'я(3-7)',NULL),(574,'Роніш','Володимир','Ярославович','1999-12-02','m',172,'12','2',0,'259772/978689295',1,1,'дуже потребує','',0,NULL,NULL,'багатодітна сім\'я(3-7)',NULL),(575,'Драбюк','Валентина','Юріївна','1999-03-14','f',259,'9','1',0,'233760',1,1,'','',0,NULL,NULL,'багатодітна сім\'я(3-7)',NULL),(576,'Попів','Тетяна','Михайлівна','1999-03-13','f',23,'54','604',0,'520329',1,1,'','',0,NULL,NULL,'багатодітна сім\'я(3-7)',NULL),(577,'Синів','Ірина','Русланівна','1999-05-17','f',174,'53','4',0,'985318607',1,1,'','',0,NULL,NULL,'багатодітна сім\'я(3-7)',NULL),(578,'Федун','Ірина','Всеволодівна','1999-02-04','f',174,'93','50',0,'255153',1,1,'','',0,NULL,NULL,'багатодітна сім\'я(3-7)',NULL),(579,'Величко','Данило','Олексійович','2004-10-05','m',259,'10','38',0,'676074594',1,1,'','',0,NULL,NULL,'напівсирота',NULL),(580,'Трач','Юрій','Петрович','2000-08-04','m',22,'25','12',0,'977582685/225602',1,1,'','',0,NULL,NULL,'напівсирота',NULL),(581,'Слюсарчук','Олександра','Володимирівна','2001-09-20','f',555,'95','50',0,'236237',1,1,'','',0,NULL,NULL,'напівсирота','Новий Сіт'),(582,'Шевчук','Інна','Василівна','2000-03-09','f',23,'50','403',0,'521802',1,1,'потребує матеріальної допомоги','',0,NULL,NULL,'напівсирота',NULL),(583,'Тлумацька','Аліна','Володимирівна','1999-12-28','f',174,'38','22',0,'980333835',1,1,'','',0,NULL,NULL,'напівсирота',NULL),(584,'Сірий','Михайло','Ізидорович','1999-10-08','m',23,'54','442',0,'259070',1,1,'','',0,NULL,NULL,'напівсирота',NULL),(585,'Снежко','Валентина','Леонідівна','2000-04-13','f',3,'6','37',0,'234744',1,1,'','',0,NULL,NULL,'напівсирота',NULL),(586,'Стасюк','Валентин','Святославович','2004-02-17','m',63,'5а','',1,'',1,1,'','',0,NULL,NULL,'інвалід',NULL),(587,'Сава','Владислав','Михайлович','2002-12-16','m',555,'3','168',0,'0982688793, 0677564762',1,1,'','',0,NULL,NULL,'інвалід','Лук\'яновича'),(588,'Шарак','Дем\'ян','Олегович','2002-02-02','m',174,'38','37',0,'977492187',1,1,'','',0,NULL,NULL,'інвалід',NULL),(589,'Дунець','Юрій','Дмитрович','2002-03-01','m',29,'17','74',0,'220453',1,1,'','',0,NULL,NULL,'інвалід',NULL),(590,'Корнійчук','Євгенія','Ігорівна','1999-06-16','f',555,'1','86',0,'970126490',1,1,'потребує матеріальної допомоги','',0,NULL,NULL,'','Лук\'яновича'),(591,'Аксюта','Валерія','Олегівна','2004-03-11','f',259,'25','5',0,'939339731',1,1,'потребує матеріальної допомоги','',0,NULL,NULL,'без піклування батьків',NULL),(592,'Бучинський','Олександр','Вікторович','2000-04-03','m',13,'11','13',0,'524106',1,1,'потребує матеріальної допомоги','',0,NULL,NULL,'без піклування батьків',NULL),(593,'Бучинський','Олег','Вікторович','1997-07-28','m',13,'11','13',0,'524106',1,1,'потребує матеріальної допомоги','',0,NULL,NULL,'без піклування батьків',NULL),(594,'Жежель','Андрій','Михайлович','1996-11-15','m',174,'42','',1,'250245',1,1,'потребує матеріальної допомоги','',0,NULL,NULL,'без піклування батьків',NULL),(595,'Зайцев','Дмитро','Сергійович','2002-06-19','m',123,'26','11',0,'258780',1,1,'потребує матеріальної допомоги','',0,NULL,NULL,'сирота',NULL),(596,'Василюк','Олеся','Романівна','2002-08-18','f',174,'36','27',0,'259325',1,1,'потребує матеріальної допомоги','',0,NULL,NULL,'сирота',NULL),(597,'Яблонський','Василь','Васильович','1997-02-25','m',259,'7','59',0,'525168',1,1,'потребує матеріальної допомоги','',0,NULL,NULL,'сирота',NULL),(598,'Лупиніс','Вікторія','Володимирівна','2000-01-01','f',1,'31','51',0,'',1,1,'Дата народження не вказана. \n','',0,NULL,NULL,'інвалід',NULL),(599,'Чопур','Вікторія','Романівна','2001-01-01','f',231,'20','13',0,'',1,1,'Дата народження не вказана. \n','',0,NULL,NULL,'інвалід',NULL),(600,'Цупер','Олександр','Володимирович','2002-01-01','m',1,'27','78',0,'',1,1,'Дата народження не вказана. \n','',0,NULL,NULL,'інвалід',NULL),(601,'Франків','Юліана','Юріївна','2004-01-01','f',114,'9','106',0,'',1,1,'Дата народження не вказана. \n','',0,NULL,NULL,'інвалід',NULL),(602,'Барнашевська','Вікторія','Олегівна','2001-01-01','f',1,'27','31',0,'',1,1,'Дата народження не вказана. \n','',0,NULL,NULL,'інвалід',NULL),(603,'Процюк','Надія','Сергіївна','1999-01-14','f',231,'18','89',0,'',1,1,'','Тернопільська ЗОШ №27',0,NULL,NULL,'напівсирота',NULL),(604,'Фірман','Христина','Андріївна','1999-01-01','f',127,'4','137',0,'',1,1,'Дата народження не вказана. \n','Тернопільська ЗОШ №27',0,NULL,NULL,'напівсирота',NULL),(605,'Роніш','Оксана','Ярославівна','1997-08-30','f',172,'12','2',0,'978689295',1,1,'дуже потребує','',0,NULL,NULL,'багатодітна сім\'я(3-7)',NULL),(606,'Роніш','Діана','Ярославівна','1997-04-05','f',172,'12','2',0,'978689295',1,1,'дуже потребує','',0,NULL,NULL,'багатодітна сім\'я(3-7)',NULL);

/*Table structure for table `children_childrengroups` */

DROP TABLE IF EXISTS `children_childrengroups`;

CREATE TABLE `children_childrengroups` (
  `id` int(10) unsigned NOT NULL,
  `child_id` int(10) unsigned NOT NULL,
  `childrengroup_id` int(10) unsigned NOT NULL,
  PRIMARY KEY (`id`)
) ENGINE=InnoDB DEFAULT CHARSET=utf8;

/*Data for the table `children_childrengroups` */

/*Table structure for table `childrengroups` */

DROP TABLE IF EXISTS `childrengroups`;

CREATE TABLE `childrengroups` (
  `id` int(10) unsigned NOT NULL AUTO_INCREMENT,
  `children_number` int(3) unsigned NOT NULL DEFAULT '0',
  `action_id` int(10) unsigned NOT NULL,
  PRIMARY KEY (`id`)
) ENGINE=InnoDB DEFAULT CHARSET=utf8;

/*Data for the table `childrengroups` */

/*Table structure for table `delete_reasons` */

DROP TABLE IF EXISTS `delete_reasons`;

CREATE TABLE `delete_reasons` (
  `id` int(3) unsigned NOT NULL AUTO_INCREMENT,
  `title` varchar(255) NOT NULL,
  PRIMARY KEY (`id`)
) ENGINE=MyISAM AUTO_INCREMENT=9 DEFAULT CHARSET=utf8;

/*Data for the table `delete_reasons` */

insert  into `delete_reasons`(`id`,`title`) values (1,'невідома причина'),(2,'не потребує'),(3,'не проживає за адресою');

/*Table structure for table `settings` */

DROP TABLE IF EXISTS `settings`;

CREATE TABLE `settings` (
  `id` int(5) unsigned NOT NULL AUTO_INCREMENT,
  `key` varchar(255) NOT NULL,
  `val` varchar(255) DEFAULT NULL,
  PRIMARY KEY (`id`)
) ENGINE=InnoDB AUTO_INCREMENT=2 DEFAULT CHARSET=utf8;

/*Data for the table `settings` */

insert  into `settings`(`id`,`key`,`val`) values (1,'current_action_id','2');

/*Table structure for table `sources` */

DROP TABLE IF EXISTS `sources`;

CREATE TABLE `sources` (
  `id` int(3) unsigned NOT NULL AUTO_INCREMENT,
  `title` varchar(255) NOT NULL,
  PRIMARY KEY (`id`)
) ENGINE=MyISAM AUTO_INCREMENT=7 DEFAULT CHARSET=utf8;

/*Data for the table `sources` */

insert  into `sources`(`id`,`title`) values (1,'невідоме'),(2,'Церква'),(3,'школа'),(4,'соціальна служба 1'),(5,'соціальна служба 2');

/*Table structure for table `streets` */

DROP TABLE IF EXISTS `streets`;

CREATE TABLE `streets` (
  `id` int(5) unsigned NOT NULL AUTO_INCREMENT,
  `title` varchar(255) NOT NULL,
  PRIMARY KEY (`id`)
) ENGINE=MyISAM AUTO_INCREMENT=12346 DEFAULT CHARSET=utf8;

/*Data for the table `streets` */

insert  into `streets`(`id`,`title`) values (1,'15 квітня'),(2,'Агрономічна'),(3,'Білецька'),(4,'Білогірська'),(5,'Багата'),(6,'Байківська'),(7,'Балея'),(8,'Бандери'),(9,'Барвінських'),(10,'Безкоровайного'),(11,'Бенцаля'),(12,'Бережанська'),(13,'Березова'),(14,'Березовиця'),(15,'Богуна'),(16,'Бойчуків'),(17,'Болюха'),(18,'Бордуляка'),(19,'Бориспільська'),(20,'Братів Гжицьких'),(21,'Бригадна'),(22,'Броварна'),(23,'Бродівська'),(24,'Бродівська-Бічна'),(25,'Бродівська-Гріга'),(26,'Брюкнера'),(27,'Будзиновського'),(28,'Будного'),(29,'Вільхова'),(30,'Вітовського'),(31,'Вітошинського'),(32,'Вагілевича'),(33,'Валова'),(34,'Василишина'),(35,'Вербицького'),(36,'Вертепна'),(37,'Весела'),(38,'Виговського'),(39,'Винниченка'),(40,'Вишнева'),(41,'Вишневецького'),(42,'Вокзальна'),(43,'Волі'),(44,'Волинська'),(45,'Володимира Великого'),(46,'Вояків дивізії \"Галичина\"'),(47,'Гірняка'),(48,'Гаї Грачинських'),(49,'Гагаріна'),(50,'Гайова'),(51,'Гайова Бічна'),(52,'Галицька'),(53,'Галицький провулок'),(54,'Героїв крут'),(55,'Глінки'),(56,'Глибока'),(57,'Глибока Долина'),(58,'Глиняна'),(59,'Гнатюка'),(60,'Гоголя'),(61,'Головацького'),(62,'Голубовича'),(63,'Горбачевського'),(64,'Городня'),(65,'Городоцька'),(66,'Гріга'),(67,'Грабовського'),(68,'Гребінки'),(69,'Громницького'),(70,'Грушевського'),(71,'Гуцульська'),(72,'Дівоча'),(73,'Дівочий провулок'),(74,'Ділова'),(75,'Далека'),(76,'Данила Галицького'),(77,'Деповська'),(78,'Дністрянського'),(79,'Довбуша'),(80,'Довга'),(81,'Довженка'),(82,'Доли'),(83,'Дорошенка'),(84,'Достоєвського'),(85,'Драгоманова'),(86,'Дружби'),(87,'Дубовецька'),(88,'Енергетична'),(89,'Енергетична-Бічна'),(90,'Живова'),(91,'Живова-Шептицького'),(92,'За Рудкою'),(93,'Загородня'),(94,'Загребельна'),(95,'Залізнична'),(96,'Замкова'),(97,'Замонастирська'),(98,'Заозерна'),(99,'Збаразька'),(100,'Збаразьке шосе'),(101,'Збаразький провулок'),(102,'Зелена'),(103,'Зенковецької'),(104,'Злуки'),(105,'Золотогірська'),(106,'Кіквідзе'),(107,'Калинова'),(108,'Камінна'),(109,'Канадська'),(110,'Кармелюка'),(111,'Карпенка'),(112,'Качали'),(113,'Квіткова'),(114,'Київська'),(115,'Клінічна'),(116,'Клима Савури'),(117,'Ковчинського'),(118,'Козацька'),(119,'Коллонтая'),(120,'Коновальця'),(121,'Коперника'),(122,'Корольова'),(123,'Котляревського'),(124,'Коцюбинського'),(125,'Кривоноса'),(126,'Крушельницької'),(127,'Куліша'),(128,'Кульчицької'),(129,'Купчинського'),(130,'Курбаса'),(131,'Куток'),(132,'Лісова'),(133,'Лемківська'),(134,'Леніна'),(135,'Лепкого'),(136,'Липова'),(137,'Лисенка'),(138,'Листопадова'),(139,'Лозовецька'),(140,'Ломоносова'),(141,'Лук’яновича'),(142,'Лучаківського'),(143,'Львівська'),(144,'Львівська бічна'),(145,'Любарська'),(146,'Мазепи'),(147,'Макаренка'),(148,'Малишко'),(149,'Манастирського'),(150,'Маркса'),(151,'Маяковського'),(152,'Медова'),(153,'Межова'),(154,'Микулинецька'),(155,'Микулинецька-Бічна'),(156,'Микулинецький провулок'),(157,'Мирний'),(158,'Миру'),(159,'Мистецтв'),(160,'Михалевича'),(161,'Молодіжна'),(162,'Монастирського'),(163,'Монюшка'),(164,'Морозенка'),(165,'Мостова'),(166,'Мостова Бічна'),(167,'Мстислава'),(168,'Над Ставом'),(169,'Над Яром'),(170,'Надзбручанська'),(171,'Наливайка'),(172,'Нечая'),(173,'Нова'),(174,'Новий світ'),(175,'Новий Світ Бічна'),(176,'Новозабарська'),(177,'Новосонячна'),(178,'Оболоня'),(179,'Об’їздна'),(180,'Овочева'),(181,'Опільського'),(182,'Орлика'),(183,'Острозького'),(184,'Південна'),(185,'Північна'),(186,'Підволочиське Шоссе'),(187,'Підгірна'),(188,'Підгородня'),(189,'Підкови'),(190,'Підлісна'),(191,'Піскова'),(192,'Паращука'),(193,'Паркова'),(194,'Перемоги'),(195,'Перемоги'),(196,'Перля'),(197,'Петлюри'),(198,'Петриківська'),(199,'Петрушевича'),(200,'Пимоненка'),(201,'Пирогова'),(202,'Пирогова'),(203,'Плотича'),(204,'Подільська'),(205,'Покровська'),(206,'Поліська'),(207,'Польова'),(208,'Польового'),(209,'Привокзальний'),(210,'Приміська'),(211,'Промислова'),(212,'Просвіти'),(213,'Протасевича'),(214,'Пулюя'),(215,'Пушкіна'),(216,'Рєпіна'),(217,'Рівна'),(218,'Рівнинська'),(219,'Рудницького'),(220,'Руставелі'),(221,'Руська'),(222,'Сімовича'),(223,'Сірка'),(224,'Січинського'),(225,'Січович Стрільців'),(226,'Сагайдачного'),(227,'Садова'),(228,'Садовий провулок'),(229,'Самчука'),(230,'Сахарова'),(231,'Симоненка'),(232,'Слівенська'),(233,'Сліпого'),(234,'Словацького'),(235,'Смакули'),(236,'Сонячна'),(237,'Спадиста'),(238,'Спортивна'),(239,'Стадникової'),(240,'Старий Ринок'),(241,'Степова'),(242,'Стефаника'),(243,'Стецька'),(244,'Стрімка'),(245,'Стрийська'),(246,'Студинського'),(247,'Стуса'),(248,'Східна'),(249,'Тісна'),(250,'Танцорова'),(251,'Тарнавського'),(252,'Татарська'),(253,'Тбіліська'),(254,'Театральний'),(255,'Текстильна'),(256,'Тернопільська'),(257,'Тиха'),(258,'Толстого'),(259,'Транспортна'),(260,'Тролейбусна'),(261,'Трудова'),(262,'Туполєва'),(263,'Тютюнника'),(264,'Українки'),(265,'Урожайна'),(266,'Фабрична'),(267,'Федьковича'),(268,'Фестивальна'),(269,'Франка'),(270,'Хліборобна'),(271,'Хмельницького'),(272,'Цегельний провулок'),(273,'Циганська'),(274,'Чайковського'),(275,'Чалдаєва'),(276,'Чарнецького'),(277,'Червоноармійська'),(278,'Чернівецька'),(279,'Чехова'),(280,'Чорновола'),(281,'Чубинського'),(282,'Чумацька'),(283,'Шагайди'),(284,'Шашкевича'),(285,'Шевченка'),(286,'Шептицького'),(287,'Шкількний провулок'),(288,'Шкільна'),(289,'Шопена'),(290,'Шпитальна'),(291,'Шухевича'),(292,'Юності'),(293,'Юрчака'),(294,'Яблунева'),(295,'Яремчука'),(296,'Ярмуша'),(297,'Ярослава'),(298,'Ясна'),(12345,'khghkg');

/*Table structure for table `team_childrengroups` */

DROP TABLE IF EXISTS `team_childrengroups`;

CREATE TABLE `team_childrengroups` (
  `id` int(10) unsigned NOT NULL AUTO_INCREMENT,
  `team_id` int(10) unsigned NOT NULL,
  `childrengroup_id` int(10) unsigned NOT NULL,
  PRIMARY KEY (`id`)
) ENGINE=InnoDB DEFAULT CHARSET=utf8;

/*Data for the table `team_childrengroups` */

/*Table structure for table `teams` */

DROP TABLE IF EXISTS `teams`;

CREATE TABLE `teams` (
  `id` int(5) unsigned NOT NULL AUTO_INCREMENT,
  `leader_id` int(10) unsigned NOT NULL,
  `members_number` int(5) unsigned NOT NULL,
  `action_id` int(5) NOT NULL,
  `created` datetime NOT NULL,
  `notes` text,
  PRIMARY KEY (`id`)
) ENGINE=InnoDB AUTO_INCREMENT=4 DEFAULT CHARSET=utf8;

/*Data for the table `teams` */

insert  into `teams`(`id`,`leader_id`,`members_number`,`action_id`,`created`,`notes`) values (1,5,2,2,'2012-05-05 12:35:58','текст'),(2,8,3,2,'2012-05-05 12:36:38',''),(3,7,3,2,'2012-05-05 13:26:59','');

/*Table structure for table `teams_volunteers` */

DROP TABLE IF EXISTS `teams_volunteers`;

CREATE TABLE `teams_volunteers` (
  `id` int(10) unsigned NOT NULL AUTO_INCREMENT,
  `team_id` int(5) unsigned NOT NULL,
  `volunteer_id` int(10) unsigned NOT NULL,
  PRIMARY KEY (`id`)
) ENGINE=InnoDB AUTO_INCREMENT=9 DEFAULT CHARSET=utf8;

/*Data for the table `teams_volunteers` */

insert  into `teams_volunteers`(`id`,`team_id`,`volunteer_id`) values (1,1,5),(2,1,7),(3,2,4),(4,2,6),(5,2,8),(6,3,6),(7,3,8),(8,3,7);

/*Table structure for table `volunteers` */

DROP TABLE IF EXISTS `volunteers`;

CREATE TABLE `volunteers` (
  `id` int(10) unsigned NOT NULL AUTO_INCREMENT,
  `first_name` varchar(255) DEFAULT NULL,
  `last_name` varchar(255) DEFAULT NULL,
  `birthday` date DEFAULT NULL,
  `street_id` int(5) DEFAULT NULL,
  `house` int(5) unsigned DEFAULT NULL,
  `flat` int(5) unsigned DEFAULT NULL,
  `phone` varchar(255) DEFAULT NULL,
  `email` varchar(255) DEFAULT NULL,
  `edu_place` varchar(255) DEFAULT NULL,
  `edu_department` varchar(255) DEFAULT NULL,
  `edu_group` varchar(255) DEFAULT NULL,
  `how_found` varchar(255) DEFAULT NULL,
  PRIMARY KEY (`id`)
) ENGINE=InnoDB AUTO_INCREMENT=9 DEFAULT CHARSET=utf8;

/*Data for the table `volunteers` */

insert  into `volunteers`(`id`,`first_name`,`last_name`,`birthday`,`street_id`,`house`,`flat`,`phone`,`email`,`edu_place`,`edu_department`,`edu_group`,`how_found`) values (4,'Ваврикович','Володимир','1991-06-10',0,0,0,'0967496044','estrolix@gmail.com','','','',''),(5,'Петренко','Степан','1992-12-12',NULL,NULL,NULL,'0984561234','volunteer@gmail.com',NULL,NULL,NULL,NULL),(6,'Василенко','Назар','1992-12-12',NULL,NULL,NULL,'0984561234','volunteer@gmail.com',NULL,NULL,NULL,NULL),(7,'Хмельницький','Богдан','1988-10-12',NULL,NULL,NULL,'0984561234','volunteer@gmail.com',NULL,NULL,NULL,NULL),(8,'Українка','Леся','1990-11-03',NULL,NULL,NULL,'0984561234','volunteer@gmail.com',NULL,NULL,NULL,NULL);

/*!40101 SET SQL_MODE=@OLD_SQL_MODE */;
/*!40014 SET FOREIGN_KEY_CHECKS=@OLD_FOREIGN_KEY_CHECKS */;
/*!40014 SET UNIQUE_CHECKS=@OLD_UNIQUE_CHECKS */;
/*!40111 SET SQL_NOTES=@OLD_SQL_NOTES */;
